Timestamp,Temperature,Humidity,AirQuality,Dust,Source,Temp_Hum_Index,Air_Dust_Product,AirQuality_Log,Dust_Log,Air_Dust_Ratio,Anomaly
55802,28.0,82.0,190.9,116.0,outdoor,22.96,22144.4,5.256974403013654,4.762173934797756,1.6316239316239316,-1
60802,28.0,82.0,186.5,116.3,outdoor,22.96,21689.95,5.233778845410465,4.76473475565943,1.5899403239556693,-1
65802,28.0,83.0,289.8,116.0,outdoor,23.24,33616.8,5.672635745659364,4.762173934797756,2.476923076923077,-1
70802,28.0,83.0,244.4,116.0,outdoor,23.24,28350.4,5.502889532276811,4.762173934797756,2.088888888888889,-1
75802,28.0,83.0,218.9,116.3,outdoor,23.24,25458.07,5.393172897560715,4.76473475565943,1.86615515771526,-1
80802,28.0,83.0,204.5,116.4,outdoor,23.24,23803.800000000003,5.32544603393629,4.765586907393996,1.74190800681431,-1
85802,27.6,85.0,218.9,116.3,outdoor,23.46,25458.07,5.393172897560715,4.76473475565943,1.86615515771526,-1
90802,27.6,85.0,218.9,116.5,outdoor,23.46,25501.85,5.393172897560715,4.7664383335842135,1.8629787234042556,-1
95802,27.6,85.0,214.0,116.1,outdoor,23.46,24845.4,5.3706380281276624,4.763028270603671,1.827497865072588,-1
100802,27.6,85.0,157.8,116.1,outdoor,23.46,18320.58,5.067645548813036,4.763028270603671,1.347566182749787,-1
105802,27.6,85.0,204.5,116.3,outdoor,23.46,23783.35,5.32544603393629,4.76473475565943,1.7433930093776642,1
110802,27.6,85.0,209.2,116.7,outdoor,23.46,24413.64,5.348059458442851,4.768139014266231,1.7774001699235342,-1
115802,27.6,85.0,204.5,116.4,outdoor,23.46,23803.800000000003,5.32544603393629,4.765586907393996,1.74190800681431,1
120802,27.6,85.0,190.9,116.2,outdoor,23.46,22182.58,5.256974403013654,4.763881877142913,1.628839590443686,1
125802,27.6,86.0,182.2,116.6,outdoor,23.736,21244.52,5.21057845224003,4.767289035464526,1.5493197278911564,1
130802,27.6,86.0,190.9,116.4,outdoor,23.736,22220.76,5.256974403013654,4.765586907393996,1.6260647359454854,1
135802,27.4,86.0,218.9,116.4,outdoor,23.564,25479.960000000003,5.393172897560715,4.765586907393996,1.864565587734242,-1
140802,27.2,86.0,173.8,116.1,outdoor,23.392,20178.18,5.163642463221435,4.763028270603671,1.484201537147737,-1
145802,27.1,86.0,199.9,116.1,outdoor,23.306,23208.39,5.302807271820889,4.763028270603671,1.707087959009394,-1
150802,27.1,87.0,182.2,116.2,outdoor,23.577,21171.64,5.21057845224003,4.763881877142913,1.5546075085324231,1
155802,27.1,87.0,190.9,116.2,outdoor,23.577,22182.58,5.256974403013654,4.763881877142913,1.628839590443686,1
160802,27.1,87.0,199.9,116.4,outdoor,23.577,23268.36,5.302807271820889,4.765586907393996,1.702725724020443,1
165802,27.1,88.0,204.5,116.4,outdoor,23.848000000000003,23803.800000000003,5.32544603393629,4.765586907393996,1.74190800681431,1
170802,27.1,88.0,173.8,116.5,outdoor,23.848000000000003,20247.7,5.163642463221435,4.7664383335842135,1.4791489361702128,1
175802,27.1,88.0,178.0,116.3,outdoor,23.848000000000003,20701.4,5.187385805840755,4.76473475565943,1.5174765558397272,1
180802,27.1,88.0,199.9,116.4,outdoor,23.848000000000003,23268.36,5.302807271820889,4.765586907393996,1.702725724020443,1
185802,27.1,88.0,186.5,116.1,outdoor,23.848000000000003,21652.65,5.233778845410465,4.763028270603671,1.5926558497011103,1
190802,27.1,88.0,178.0,116.3,outdoor,23.848000000000003,20701.4,5.187385805840755,4.76473475565943,1.5174765558397272,1
195802,27.1,88.0,173.8,116.4,outdoor,23.848000000000003,20230.320000000003,5.163642463221435,4.765586907393996,1.4804088586030664,1
200802,27.1,88.0,178.0,116.4,outdoor,23.848000000000003,20719.2,5.187385805840755,4.765586907393996,1.5161839863713795,1
205802,27.1,89.0,178.0,116.7,outdoor,24.119,20772.6,5.187385805840755,4.768139014266231,1.5123194562446898,1
210802,27.1,89.0,173.8,117.4,outdoor,24.119,20404.120000000003,5.163642463221435,4.774068722449905,1.4679054054054057,1
215802,27.1,89.0,190.9,116.3,outdoor,24.119,22201.67,5.256974403013654,4.76473475565943,1.6274509803921569,1
220802,27.1,89.0,186.5,116.3,outdoor,24.119,21689.95,5.233778845410465,4.76473475565943,1.5899403239556693,1
225802,27.1,89.0,154.0,115.8,outdoor,24.119,17833.2,5.043425116919247,4.760463070394127,1.3184931506849316,1
230802,27.1,89.0,190.9,115.7,outdoor,24.119,22087.13,5.256974403013654,4.75960653929251,1.6358183376178237,1
235802,27.1,89.0,173.8,116.0,outdoor,24.119,20160.800000000003,5.163642463221435,4.762173934797756,1.4854700854700855,1
240802,27.1,89.0,161.7,115.7,outdoor,24.119,18708.69,5.091908014224992,4.75960653929251,1.3856041131105397,1
245802,27.1,89.0,178.0,115.8,outdoor,24.119,20612.4,5.187385805840755,4.760463070394127,1.523972602739726,1
250802,27.1,89.0,161.7,116.0,outdoor,24.119,18757.2,5.091908014224992,4.762173934797756,1.382051282051282,1
255802,27.1,89.0,161.7,115.8,outdoor,24.119,18724.86,5.091908014224992,4.760463070394127,1.384417808219178,1
260802,27.1,89.0,161.7,115.9,outdoor,24.119,18741.03,5.091908014224992,4.761318868478023,1.3832335329341316,1
265802,27.1,89.0,178.0,116.4,outdoor,24.119,20719.2,5.187385805840755,4.765586907393996,1.5161839863713795,1
270802,27.1,89.0,195.4,116.2,outdoor,24.119,22705.48,5.280153395920365,4.763881877142913,1.667235494880546,1
275802,27.1,89.0,161.7,116.1,outdoor,24.119,18773.37,5.091908014224992,4.763028270603671,1.380871050384287,1
280802,27.1,89.0,186.5,116.4,outdoor,24.119,21708.6,5.233778845410465,4.765586907393996,1.588586030664395,1
285802,27.1,89.0,186.5,116.5,outdoor,24.119,21727.25,5.233778845410465,4.7664383335842135,1.5872340425531914,1
290802,27.1,89.0,214.0,116.6,outdoor,24.119,24952.4,5.3706380281276624,4.767289035464526,1.8197278911564627,1
295802,27.1,89.0,186.5,116.5,outdoor,24.119,21727.25,5.233778845410465,4.7664383335842135,1.5872340425531914,1
300802,27.1,89.0,195.4,116.4,outdoor,24.119,22744.56,5.280153395920365,4.765586907393996,1.6643952299829643,1
305802,27.1,89.0,199.9,116.3,outdoor,24.119,23248.37,5.302807271820889,4.76473475565943,1.7041773231031545,1
310802,27.1,89.0,178.0,116.6,outdoor,24.119,20754.8,5.187385805840755,4.767289035464526,1.5136054421768708,1
315802,27.1,89.0,195.4,116.4,outdoor,24.119,22744.56,5.280153395920365,4.765586907393996,1.6643952299829643,1
320802,27.1,89.0,173.8,116.4,outdoor,24.119,20230.320000000003,5.163642463221435,4.765586907393996,1.4804088586030664,1
325802,27.1,89.0,195.4,116.3,outdoor,24.119,22725.02,5.280153395920365,4.76473475565943,1.6658141517476557,1
330802,27.1,89.0,186.5,116.4,outdoor,24.119,21708.6,5.233778845410465,4.765586907393996,1.588586030664395,1
335802,27.0,89.0,199.9,116.2,outdoor,24.03,23228.38,5.302807271820889,4.763881877142913,1.705631399317406,1
340802,26.8,89.0,190.9,116.3,outdoor,23.852000000000004,22201.67,5.256974403013654,4.76473475565943,1.6274509803921569,1
345802,26.8,89.0,204.5,115.7,outdoor,23.852000000000004,23660.65,5.32544603393629,4.75960653929251,1.75235646958012,1
350802,26.7,89.0,169.7,116.1,outdoor,23.763,19702.17,5.139907629800395,4.763028270603671,1.4491887275832622,1
355802,26.7,90.0,186.5,115.9,outdoor,24.03,21615.35,5.233778845410465,4.761318868478023,1.5953806672369546,1
360802,26.7,90.0,186.5,116.1,outdoor,24.03,21652.65,5.233778845410465,4.763028270603671,1.5926558497011103,1
365802,26.7,90.0,182.2,115.9,outdoor,24.03,21116.98,5.21057845224003,4.761318868478023,1.558597091531223,1
370802,26.7,90.0,169.7,116.0,outdoor,24.03,19685.2,5.139907629800395,4.762173934797756,1.4504273504273504,1
375802,26.7,90.0,161.7,115.6,outdoor,24.03,18692.52,5.091908014224992,4.758749273916392,1.3867924528301887,1
380802,26.7,90.0,190.9,115.8,outdoor,24.03,22106.22,5.256974403013654,4.760463070394127,1.6344178082191785,1
385802,26.7,90.0,186.5,115.9,outdoor,24.03,21615.35,5.233778845410465,4.761318868478023,1.5953806672369546,1
390802,26.7,90.0,169.7,116.0,outdoor,24.03,19685.2,5.139907629800395,4.762173934797756,1.4504273504273504,1
395802,26.7,90.0,182.2,115.9,outdoor,24.03,21116.98,5.21057845224003,4.761318868478023,1.558597091531223,1
400802,26.7,90.0,161.7,116.2,outdoor,24.03,18789.54,5.091908014224992,4.763881877142913,1.379692832764505,1
405802,26.7,90.0,178.0,116.2,outdoor,24.03,20683.6,5.187385805840755,4.763881877142913,1.5187713310580204,1
410802,26.7,90.0,173.8,116.4,outdoor,24.03,20230.320000000003,5.163642463221435,4.765586907393996,1.4804088586030664,1
415802,26.7,90.0,150.3,116.4,outdoor,24.03,17494.920000000002,5.01926462079431,4.765586907393996,1.2802385008517887,-1
420802,26.7,90.0,199.9,116.6,outdoor,24.03,23308.34,5.302807271820889,4.767289035464526,1.6998299319727892,1
425802,26.7,90.0,186.5,116.4,outdoor,24.03,21708.6,5.233778845410465,4.765586907393996,1.588586030664395,1
430802,26.7,90.0,190.9,116.3,outdoor,24.03,22201.67,5.256974403013654,4.76473475565943,1.6274509803921569,1
435802,26.7,90.0,204.5,116.1,outdoor,24.03,23742.45,5.32544603393629,4.763028270603671,1.7463706233988046,1
440802,26.7,90.0,190.9,116.4,outdoor,24.03,22220.76,5.256974403013654,4.765586907393996,1.6260647359454854,1
445802,26.7,90.0,173.8,116.2,outdoor,24.03,20195.56,5.163642463221435,4.763881877142913,1.4829351535836175,1
450802,26.7,90.0,186.5,116.1,outdoor,24.03,21652.65,5.233778845410465,4.763028270603671,1.5926558497011103,1
455802,26.7,90.0,173.8,115.6,outdoor,24.03,20091.28,5.163642463221435,4.758749273916392,1.4905660377358492,1
460802,26.7,90.0,186.5,115.7,outdoor,24.03,21578.05,5.233778845410465,4.75960653929251,1.598114824335904,1
465802,26.7,90.0,199.9,115.8,outdoor,24.03,23148.42,5.302807271820889,4.760463070394127,1.711472602739726,1
470802,26.7,90.0,178.0,115.7,outdoor,24.03,20594.6,5.187385805840755,4.75960653929251,1.5252784918594686,1
475802,26.7,90.0,195.4,115.6,outdoor,24.03,22588.24,5.280153395920365,4.758749273916392,1.6758147512864496,1
480802,26.7,90.0,186.5,115.3,outdoor,24.03,21503.45,5.233778845410465,4.7561730595246186,1.6036113499570075,1
485802,26.7,90.0,178.0,115.3,outdoor,24.03,20523.4,5.187385805840755,4.7561730595246186,1.530524505588994,1
490802,26.7,90.0,178.0,115.4,outdoor,24.03,20541.2,5.187385805840755,4.757032535297338,1.529209621993127,1
495802,26.8,90.0,186.5,115.2,outdoor,24.12,21484.8,5.233778845410465,4.755312844417811,1.6049913941480207,1
500802,26.9,90.0,186.5,114.8,outdoor,24.21,21410.2,5.233778845410465,4.751864565138895,1.6105354058721937,1
505802,27.0,90.0,209.2,115.0,outdoor,24.3,24058.0,5.348059458442851,4.7535901911063645,1.803448275862069,1
510802,26.9,90.0,178.0,115.2,outdoor,24.21,20505.6,5.187385805840755,4.755312844417811,1.53184165232358,1
515802,26.8,90.0,190.9,115.1,outdoor,24.12,21972.59,5.256974403013654,4.754451888703846,1.6442721791559003,1
520802,26.7,90.0,195.4,115.0,outdoor,24.03,22471.0,5.280153395920365,4.7535901911063645,1.6844827586206896,1
525802,26.7,90.0,182.2,115.0,outdoor,24.03,20953.0,5.21057845224003,4.7535901911063645,1.5706896551724137,1
530802,26.7,90.0,173.8,115.6,outdoor,24.03,20091.28,5.163642463221435,4.758749273916392,1.4905660377358492,1
535802,26.7,90.0,186.5,115.5,outdoor,24.03,21540.75,5.233778845410465,4.757891273005756,1.6008583690987124,1
540802,26.7,90.0,209.2,115.3,outdoor,24.03,24120.76,5.348059458442851,4.7561730595246186,1.7987962166809974,1
545802,26.7,90.0,178.0,115.2,outdoor,24.03,20505.6,5.187385805840755,4.755312844417811,1.53184165232358,1
550802,26.7,90.0,178.0,115.4,outdoor,24.03,20541.2,5.187385805840755,4.757032535297338,1.529209621993127,1
555802,26.7,90.0,195.4,115.4,outdoor,24.03,22549.160000000003,5.280153395920365,4.757032535297338,1.6786941580756014,1
560802,26.7,90.0,173.8,114.9,outdoor,24.03,19969.620000000003,5.163642463221435,4.752727750345706,1.4995685936151857,1
565802,26.7,90.0,178.0,115.0,outdoor,24.03,20470.0,5.187385805840755,4.7535901911063645,1.5344827586206895,1
570802,26.7,90.0,190.9,115.0,outdoor,24.03,21953.5,5.256974403013654,4.7535901911063645,1.6456896551724138,1
575802,26.7,90.0,195.4,114.6,outdoor,24.03,22392.84,5.280153395920365,4.750135956238277,1.6903114186851211,1
580802,26.7,90.0,186.5,115.2,outdoor,24.03,21484.8,5.233778845410465,4.755312844417811,1.6049913941480207,1
585802,26.7,90.0,161.7,115.0,outdoor,24.03,18595.5,5.091908014224992,4.7535901911063645,1.3939655172413792,1
590802,26.7,90.0,190.9,115.4,outdoor,24.03,22029.86,5.256974403013654,4.757032535297338,1.6400343642611683,1
595802,26.7,90.0,173.8,115.0,outdoor,24.03,19987.0,5.163642463221435,4.7535901911063645,1.4982758620689656,1
600802,26.7,90.0,195.4,114.8,outdoor,24.03,22431.92,5.280153395920365,4.751864565138895,1.687392055267703,1
605802,26.7,90.0,165.7,115.0,outdoor,24.03,19055.5,5.116195789756748,4.7535901911063645,1.428448275862069,1
610802,26.7,90.0,182.2,114.7,outdoor,24.03,20898.34,5.21057845224003,4.751000634199631,1.57476231633535,1
615802,26.7,90.0,190.9,114.3,outdoor,24.03,21819.87,5.256974403013654,4.747537427275013,1.6556808326105812,1
620802,26.7,90.0,204.5,113.8,outdoor,24.03,23272.1,5.32544603393629,4.743191483885466,1.7813588850174216,1
625802,26.7,90.0,186.5,114.3,outdoor,24.03,21316.95,5.233778845410465,4.747537427275013,1.6175195143104943,1
630802,26.7,90.0,190.9,114.0,outdoor,24.03,21762.6,5.256974403013654,4.74493212836325,1.66,1
635802,26.7,90.0,173.8,113.7,outdoor,24.03,19761.06,5.163642463221435,4.742320024135325,1.5152571926765477,1
640802,26.7,90.0,190.9,114.0,outdoor,24.03,21762.6,5.256974403013654,4.74493212836325,1.66,1
645802,26.7,90.0,186.5,113.9,outdoor,24.03,21242.35,5.233778845410465,4.74406218485471,1.6231505657093124,1
650802,26.7,90.0,195.4,113.7,outdoor,24.03,22216.98,5.280153395920365,4.742320024135325,1.7035745422842197,1
655802,26.7,90.0,186.5,113.5,outdoor,24.03,21167.75,5.233778845410465,4.740574822994295,1.62882096069869,1
660802,26.7,90.0,186.5,113.6,outdoor,24.03,21186.4,5.233778845410465,4.741447804280639,1.6273996509598605,1
665802,26.7,90.0,190.9,113.8,outdoor,24.03,21724.42,5.256974403013654,4.743191483885466,1.6628919860627178,1
670802,26.7,90.0,190.9,113.2,outdoor,24.03,21609.88,5.256974403013654,4.73795129722191,1.6716287215411558,1
675802,26.7,90.0,186.5,113.1,outdoor,24.03,21093.15,5.233778845410465,4.73707525686803,1.6345311130587206,1
680802,26.7,90.0,169.7,113.1,outdoor,24.03,19193.07,5.139907629800395,4.73707525686803,1.487291849255039,1
685802,26.7,91.0,178.0,113.1,outdoor,24.297,20131.8,5.187385805840755,4.73707525686803,1.5600350569675725,1
690802,26.7,90.0,204.5,113.0,outdoor,24.03,23108.5,5.32544603393629,4.736198448394496,1.793859649122807,1
695802,26.7,91.0,169.7,112.9,outdoor,24.297,19159.13,5.139907629800395,4.735320870453137,1.4899034240561897,1
700802,26.7,90.0,173.8,113.1,outdoor,24.03,19656.78,5.163642463221435,4.73707525686803,1.5232252410166522,1
705802,26.7,90.0,178.0,112.6,outdoor,24.03,20042.8,5.187385805840755,4.732683506287051,1.5669014084507042,1
710802,26.7,90.0,150.3,112.5,outdoor,24.03,16908.75,5.01926462079431,4.7318028369214575,1.324229074889868,-1
715802,26.8,90.0,195.4,112.7,outdoor,24.12,22021.58,5.280153395920365,4.73356340075649,1.7185576077396658,1
720802,27.1,90.0,169.7,112.8,outdoor,24.39,19142.16,5.139907629800395,4.73444252169223,1.4912126537785588,1
725802,27.1,90.0,178.0,112.8,outdoor,24.39,20078.4,5.187385805840755,4.73444252169223,1.5641476274165202,1
730802,27.1,90.0,195.4,112.9,outdoor,24.39,22060.660000000003,5.280153395920365,4.735320870453137,1.7155399473222124,1
735802,27.1,90.0,173.8,112.8,outdoor,24.39,19604.64,5.163642463221435,4.73444252169223,1.5272407732864677,1
740802,27.1,90.0,178.0,112.7,outdoor,24.39,20060.6,5.187385805840755,4.73356340075649,1.565523306948109,1
745802,27.1,90.0,173.8,112.6,outdoor,24.39,19569.88,5.163642463221435,4.732683506287051,1.529929577464789,1
750802,27.1,90.0,199.9,112.6,outdoor,24.39,22508.74,5.302807271820889,4.732683506287051,1.7596830985915497,1
755802,27.1,90.0,173.8,112.9,outdoor,24.39,19622.020000000004,5.163642463221435,4.735320870453137,1.5258999122036874,1
760802,27.1,90.0,178.0,112.8,outdoor,24.39,20078.4,5.187385805840755,4.73444252169223,1.5641476274165202,1
765802,27.1,90.0,190.9,112.7,outdoor,24.39,21514.43,5.256974403013654,4.73356340075649,1.6789797713280563,1
770802,27.0,90.0,150.3,112.7,outdoor,24.3,16938.81,5.01926462079431,4.73356340075649,1.3218997361477574,-1
775802,26.9,90.0,182.2,113.2,outdoor,24.21,20625.04,5.21057845224003,4.73795129722191,1.5954465849387038,1
780802,26.8,90.0,165.7,113.0,outdoor,24.12,18724.1,5.116195789756748,4.736198448394496,1.4535087719298243,1
785802,26.7,90.0,178.0,113.0,outdoor,24.03,20114.0,5.187385805840755,4.736198448394496,1.5614035087719298,1
790802,26.7,90.0,173.8,112.9,outdoor,24.03,19622.020000000004,5.163642463221435,4.735320870453137,1.5258999122036874,1
795802,26.7,90.0,178.0,113.0,outdoor,24.03,20114.0,5.187385805840755,4.736198448394496,1.5614035087719298,1
800802,26.7,90.0,173.8,113.0,outdoor,24.03,19639.4,5.163642463221435,4.736198448394496,1.524561403508772,1
805802,26.7,90.0,186.5,113.0,outdoor,24.03,21074.5,5.233778845410465,4.736198448394496,1.6359649122807018,1
810802,26.7,90.0,218.9,113.0,outdoor,24.03,24735.7,5.393172897560715,4.736198448394496,1.9201754385964915,1
815802,26.7,90.0,178.0,112.9,outdoor,24.03,20096.2,5.187385805840755,4.735320870453137,1.562774363476734,1
820802,26.7,90.0,199.9,113.0,outdoor,24.03,22588.7,5.302807271820889,4.736198448394496,1.7535087719298246,1
825802,26.7,90.0,195.4,113.1,outdoor,24.03,22099.74,5.280153395920365,4.73707525686803,1.712532865907099,1
830802,26.7,90.0,195.4,112.7,outdoor,24.03,22021.58,5.280153395920365,4.73356340075649,1.7185576077396658,1
835802,26.7,90.0,195.4,112.8,outdoor,24.03,22041.12,5.280153395920365,4.73444252169223,1.717047451669596,1
840802,26.7,90.0,186.5,112.7,outdoor,24.03,21018.55,5.233778845410465,4.73356340075649,1.6402814423922605,1
845802,26.7,90.0,186.5,112.7,outdoor,24.03,21018.55,5.233778845410465,4.73356340075649,1.6402814423922605,1
850802,26.7,90.0,186.5,112.7,outdoor,24.03,21018.55,5.233778845410465,4.73356340075649,1.6402814423922605,1
855802,26.7,90.0,173.8,112.3,outdoor,24.03,19517.74,5.163642463221435,4.730039168033961,1.533980582524272,1
860802,26.7,90.0,190.9,112.2,outdoor,24.03,21418.98,5.256974403013654,4.729156165769083,1.6863957597173145,1
865802,26.7,91.0,173.8,112.0,outdoor,24.297,19465.6,5.163642463221435,4.727387818712341,1.5380530973451327,1
870802,26.8,91.0,195.4,112.2,outdoor,24.388,21923.88,5.280153395920365,4.729156165769083,1.726148409893993,1
875802,27.1,91.0,190.9,112.4,outdoor,24.661,21457.160000000003,5.256974403013654,4.730921391293652,1.68342151675485,1
880802,27.1,91.0,169.7,112.3,outdoor,24.661,19057.31,5.139907629800395,4.730039168033961,1.497793468667255,1
885802,27.1,91.0,169.7,112.5,outdoor,24.661,19091.25,5.139907629800395,4.7318028369214575,1.4951541850220262,1
890802,27.1,91.0,182.2,112.5,outdoor,24.661,20497.5,5.21057845224003,4.7318028369214575,1.6052863436123348,1
895802,27.1,91.0,186.5,112.7,outdoor,24.661,21018.55,5.233778845410465,4.73356340075649,1.6402814423922605,1
900802,27.1,91.0,214.0,112.8,outdoor,24.661,24139.2,5.3706380281276624,4.73444252169223,1.880492091388401,-1
905802,27.1,91.0,182.2,112.7,outdoor,24.661,20533.94,5.21057845224003,4.73356340075649,1.602462620932278,1
910802,27.0,90.0,204.5,112.5,outdoor,24.3,23006.25,5.32544603393629,4.7318028369214575,1.801762114537445,1
915802,26.8,90.0,173.8,112.7,outdoor,24.12,19587.26,5.163642463221435,4.73356340075649,1.5285839929639402,1
920802,26.7,90.0,186.5,112.6,outdoor,24.03,20999.9,5.233778845410465,4.732683506287051,1.6417253521126762,1
925802,26.7,90.0,165.7,112.5,outdoor,24.03,18641.25,5.116195789756748,4.7318028369214575,1.4599118942731275,1
930802,26.7,90.0,204.5,112.6,outdoor,24.03,23026.7,5.32544603393629,4.732683506287051,1.8001760563380282,1
935802,26.7,91.0,186.5,112.8,outdoor,24.297,21037.2,5.233778845410465,4.73444252169223,1.6388400702987698,1
940802,26.7,91.0,199.9,112.5,outdoor,24.297,22488.75,5.302807271820889,4.7318028369214575,1.7612334801762115,1
945802,26.7,91.0,190.9,112.3,outdoor,24.297,21438.07,5.256974403013654,4.730039168033961,1.6849073256840248,1
950802,26.7,91.0,204.5,112.5,outdoor,24.297,23006.25,5.32544603393629,4.7318028369214575,1.801762114537445,1
955802,26.7,91.0,195.4,112.4,outdoor,24.297,21962.960000000003,5.280153395920365,4.730921391293652,1.7231040564373898,1
960802,26.7,91.0,190.9,112.4,outdoor,24.297,21457.160000000003,5.256974403013654,4.730921391293652,1.68342151675485,1
965802,26.7,91.0,204.5,112.3,outdoor,24.297,22965.35,5.32544603393629,4.730039168033961,1.8049426301853488,1
970802,26.7,91.0,186.5,112.4,outdoor,24.297,20962.6,5.233778845410465,4.730921391293652,1.6446208112874778,1
975802,26.7,91.0,190.9,112.1,outdoor,24.297,21399.89,5.256974403013654,4.728272383122075,1.6878868258178603,1
980802,26.7,91.0,169.7,112.2,outdoor,24.297,19040.34,5.139907629800395,4.729156165769083,1.4991166077738514,1
985802,26.7,91.0,190.9,112.2,outdoor,24.297,21418.98,5.256974403013654,4.729156165769083,1.6863957597173145,1
990802,26.7,91.0,209.2,112.1,outdoor,24.297,23451.32,5.348059458442851,4.728272383122075,1.849690539345712,1
995802,26.7,91.0,169.7,111.9,outdoor,24.297,18989.43,5.139907629800395,4.726502471155617,1.5031000885739592,1
1000802,26.7,91.0,190.9,112.3,outdoor,24.297,21438.07,5.256974403013654,4.730039168033961,1.6849073256840248,1
1005802,26.7,91.0,204.5,112.0,outdoor,24.297,22904.0,5.32544603393629,4.727387818712341,1.8097345132743363,1
1010802,26.7,91.0,186.5,112.0,outdoor,24.297,20888.0,5.233778845410465,4.727387818712341,1.6504424778761062,1
1015802,26.7,91.0,209.2,112.3,outdoor,24.297,23493.16,5.348059458442851,4.730039168033961,1.8464254192409533,1
1020802,26.7,91.0,204.5,112.1,outdoor,24.297,22924.45,5.32544603393629,4.728272383122075,1.808134394341291,1
1025802,26.7,91.0,186.5,112.2,outdoor,24.297,20925.3,5.233778845410465,4.729156165769083,1.6475265017667844,1
1030802,26.7,91.0,190.9,112.2,outdoor,24.297,21418.98,5.256974403013654,4.729156165769083,1.6863957597173145,1
1035802,26.7,91.0,195.4,112.1,outdoor,24.297,21904.34,5.280153395920365,4.728272383122075,1.7276746242263483,1
1040802,26.7,91.0,173.8,112.2,outdoor,24.297,19500.36,5.163642463221435,4.729156165769083,1.5353356890459364,1
1045802,26.7,91.0,186.5,111.8,outdoor,24.297,20850.7,5.233778845410465,4.725616339063959,1.6533687943262412,1
1050802,26.7,91.0,178.0,111.7,outdoor,24.297,19882.6,5.187385805840755,4.724729421045731,1.5794143744454303,1
1055802,26.7,92.0,195.4,111.9,outdoor,24.564,21865.26,5.280153395920365,4.726502471155617,1.730735163861825,1
1060802,26.7,92.0,178.0,111.9,outdoor,24.564,19918.2,5.187385805840755,4.726502471155617,1.5766164747564215,1
1065802,26.7,92.0,190.9,111.9,outdoor,24.564,21361.710000000003,5.256974403013654,4.726502471155617,1.6908768821966342,1
1070802,26.7,92.0,173.8,111.5,outdoor,24.564,19378.7,5.163642463221435,4.722953221644475,1.544888888888889,1
1075802,26.7,92.0,190.9,111.5,outdoor,24.564,21285.35,5.256974403013654,4.722953221644475,1.696888888888889,1
1080802,26.7,92.0,178.0,111.7,outdoor,24.564,19882.6,5.187385805840755,4.724729421045731,1.5794143744454303,1
1085802,26.7,92.0,190.9,111.6,outdoor,24.564,21304.44,5.256974403013654,4.72384171570559,1.6953818827708704,1
1090802,26.7,92.0,173.8,111.7,outdoor,24.564,19413.460000000003,5.163642463221435,4.724729421045731,1.5421472937000889,1
1095802,26.7,92.0,199.9,111.5,outdoor,24.564,22288.85,5.302807271820889,4.722953221644475,1.776888888888889,1
1100802,26.7,92.0,195.4,111.4,outdoor,24.564,21767.56,5.280153395920365,4.722063937459591,1.7384341637010676,1
1105802,26.7,92.0,178.0,111.4,outdoor,24.564,19829.2,5.187385805840755,4.722063937459591,1.583629893238434,1
1110802,26.7,92.0,186.5,111.4,outdoor,24.564,20776.1,5.233778845410465,4.722063937459591,1.6592526690391458,1
1115802,26.7,92.0,178.0,111.3,outdoor,24.564,19811.4,5.187385805840755,4.721173861744398,1.585040071237756,1
1120802,26.7,92.0,228.8,111.2,outdoor,24.564,25442.56,5.437209365414655,4.720282993088596,2.0392156862745097,-1
1125802,26.7,92.0,190.9,111.2,outdoor,24.564,21228.08,5.256974403013654,4.720282993088596,1.7014260249554367,1
1130802,26.7,92.0,195.4,111.1,outdoor,24.564,21708.94,5.280153395920365,4.719391330078114,1.7430865298840323,1
1135802,26.7,92.0,178.0,111.0,outdoor,24.564,19758.0,5.187385805840755,4.718498871295094,1.5892857142857142,1
1140802,26.7,92.0,173.8,110.7,outdoor,24.564,19239.660000000003,5.163642463221435,4.715816706075155,1.5559534467323188,1
1145802,26.7,92.0,178.0,111.0,outdoor,24.564,19758.0,5.187385805840755,4.718498871295094,1.5892857142857142,1
1150802,26.7,92.0,190.9,110.9,outdoor,24.564,21170.81,5.256974403013654,4.71760561531788,1.7059874888293118,1
1155802,26.7,92.0,173.8,110.8,outdoor,24.564,19257.04,5.163642463221435,4.716711560720999,1.554561717352415,1
1160802,26.7,92.0,190.9,110.6,outdoor,24.564,21113.54,5.256974403013654,4.71492104994721,1.7105734767025091,1
1165802,26.7,92.0,182.2,110.5,outdoor,24.564,20133.1,5.21057845224003,4.7140245909001735,1.634080717488789,1
1170802,26.7,92.0,209.2,110.5,outdoor,24.564,23116.6,5.348059458442851,4.7140245909001735,1.876233183856502,-1
1175802,26.7,92.0,169.7,110.5,outdoor,24.564,18751.85,5.139907629800395,4.7140245909001735,1.5219730941704035,1
1180802,26.7,92.0,190.9,110.3,outdoor,24.564,21056.27,5.256974403013654,4.712229258281499,1.7151841868823,1
1185802,26.7,92.0,199.9,110.3,outdoor,24.564,22048.97,5.302807271820889,4.712229258281499,1.7960467205750226,1
1190802,26.7,92.0,169.7,110.1,outdoor,24.564,18683.97,5.139907629800395,4.710430696645584,1.5274527452745277,-1
1195802,26.7,92.0,218.9,110.2,outdoor,24.564,24122.78,5.393172897560715,4.711330381816482,1.9685251798561152,-1
1200802,26.7,92.0,195.4,110.0,outdoor,24.564,21494.0,5.280153395920365,4.709530201312334,1.7603603603603604,1
1205802,26.7,92.0,161.7,109.9,outdoor,24.564,17770.829999999998,5.091908014224992,4.7086288943563215,1.4580703336339045,-1
1210802,26.7,92.0,157.8,110.1,outdoor,24.564,17373.78,5.067645548813036,4.710430696645584,1.4203420342034203,-1
1215802,26.7,92.0,173.8,110.4,outdoor,24.564,19187.52,5.163642463221435,4.713127327493184,1.5601436265709157,1
1220802,26.7,92.0,186.5,110.7,outdoor,24.564,20645.55,5.233778845410465,4.715816706075155,1.6696508504923904,1
1225802,26.7,92.0,204.5,110.6,outdoor,24.564,22617.7,5.32544603393629,4.71492104994721,1.832437275985663,1
1230802,26.7,92.0,178.0,110.7,outdoor,24.564,19704.6,5.187385805840755,4.715816706075155,1.593554162936437,1
1235802,26.7,92.0,173.8,110.5,outdoor,24.564,19204.9,5.163642463221435,4.7140245909001735,1.5587443946188342,1
1240802,26.7,92.0,204.5,110.5,outdoor,24.564,22597.25,5.32544603393629,4.7140245909001735,1.8340807174887888,1
1245802,26.7,92.0,173.8,110.7,outdoor,24.564,19239.660000000003,5.163642463221435,4.715816706075155,1.5559534467323188,1
1250802,26.7,92.0,178.0,110.9,outdoor,24.564,19740.2,5.187385805840755,4.71760561531788,1.5907059874888292,1
1255802,26.7,92.0,186.5,110.5,outdoor,24.564,20608.25,5.233778845410465,4.7140245909001735,1.6726457399103138,1
1260802,26.7,92.0,204.5,110.5,outdoor,24.564,22597.25,5.32544603393629,4.7140245909001735,1.8340807174887888,1
1265802,26.7,92.0,169.7,110.6,outdoor,24.564,18768.82,5.139907629800395,4.71492104994721,1.5206093189964158,1
1270802,26.7,92.0,195.4,110.6,outdoor,24.564,21611.24,5.280153395920365,4.71492104994721,1.7508960573476704,1
1275802,26.7,92.0,195.4,110.9,outdoor,24.564,21669.86,5.280153395920365,4.71760561531788,1.746201966041108,1
1280802,26.7,92.0,173.8,110.9,outdoor,24.564,19274.42,5.163642463221435,4.71760561531788,1.5531724754244862,1
1285802,26.7,92.0,178.0,110.9,outdoor,24.564,19740.2,5.187385805840755,4.71760561531788,1.5907059874888292,1
1290802,26.7,92.0,190.9,111.2,outdoor,24.564,21228.08,5.256974403013654,4.720282993088596,1.7014260249554367,1
1295802,26.7,92.0,182.2,111.0,outdoor,24.564,20224.2,5.21057845224003,4.718498871295094,1.6267857142857145,1
1300802,26.7,92.0,190.9,111.0,outdoor,24.564,21189.9,5.256974403013654,4.718498871295094,1.7044642857142858,1
1305802,26.7,92.0,195.4,111.0,outdoor,24.564,21689.4,5.280153395920365,4.718498871295094,1.7446428571428572,1
1310802,26.7,92.0,178.0,110.9,outdoor,24.564,19740.2,5.187385805840755,4.71760561531788,1.5907059874888292,1
1315802,26.7,92.0,186.5,110.7,outdoor,24.564,20645.55,5.233778845410465,4.715816706075155,1.6696508504923904,1
1320802,26.7,92.0,209.2,110.7,outdoor,24.564,23158.44,5.348059458442851,4.715816706075155,1.872873769024172,-1
1325802,26.7,92.0,173.8,110.7,outdoor,24.564,19239.660000000003,5.163642463221435,4.715816706075155,1.5559534467323188,1
1330802,26.7,92.0,190.9,110.6,outdoor,24.564,21113.54,5.256974403013654,4.71492104994721,1.7105734767025091,1
1335802,26.7,92.0,165.7,110.4,outdoor,24.564,18293.28,5.116195789756748,4.713127327493184,1.4874326750448832,-1
1340802,26.7,92.0,173.8,110.5,outdoor,24.564,19204.9,5.163642463221435,4.7140245909001735,1.5587443946188342,1
1345802,26.7,92.0,173.8,110.5,outdoor,24.564,19204.9,5.163642463221435,4.7140245909001735,1.5587443946188342,1
1350802,26.7,92.0,186.5,110.7,outdoor,24.564,20645.55,5.233778845410465,4.715816706075155,1.6696508504923904,1
1355802,26.7,92.0,178.0,110.9,outdoor,24.564,19740.2,5.187385805840755,4.71760561531788,1.5907059874888292,1
1360802,26.7,92.0,178.0,110.8,outdoor,24.564,19722.4,5.187385805840755,4.716711560720999,1.592128801431127,1
91202,28.5,85.0,5000.0,131.2,indoor,24.225,656000.0,8.517393171418904,4.884315927417586,37.821482602118,-1
95802,28.5,85.0,314.7,130.6,indoor,24.225,41099.82,5.754792395563946,4.879767018891217,2.391337386018237,-1
100802,28.5,85.0,204.5,124.2,indoor,24.225,25398.9,5.32544603393629,4.829912458665998,1.6333865814696484,-1
106202,28.5,85.0,5000.0,124.1,indoor,24.225,620500.0,8.517393171418904,4.829113417472866,39.96802557953637,-1
110802,28.5,85.0,154.0,121.6,indoor,24.225,18726.4,5.043425116919247,4.808927023502111,1.2561174551386625,-1
115802,28.5,85.0,218.9,122.3,indoor,24.225,26771.47,5.393172897560715,4.814620410170298,1.775344687753447,-1
120802,28.5,85.0,233.9,122.9,indoor,24.225,28746.31,5.459159891664867,4.819474788635096,1.887812752219532,-1
125802,28.5,85.0,218.9,122.1,indoor,24.225,26727.69,5.393172897560715,4.812997033190408,1.7782290820471165,-1
130802,28.5,85.0,204.5,122.1,indoor,24.225,24969.45,5.32544603393629,4.812997033190408,1.661251015434606,-1
135802,28.5,85.0,186.5,121.9,indoor,24.225,22734.35,5.233778845410465,4.811371016571989,1.517493897477624,-1
140802,28.5,85.0,182.2,121.4,indoor,24.225,22119.08,5.21057845224003,4.807294370078226,1.4885620915032678,-1
145802,28.5,85.0,169.7,121.1,indoor,24.225,20550.67,5.139907629800395,4.804840381116659,1.3898443898443895,-1
150802,28.5,85.0,161.7,120.9,indoor,24.225,19549.53,5.091908014224992,4.803201036487226,1.3264971287940934,-1
155802,28.5,85.0,173.8,121.4,indoor,24.225,21099.320000000003,5.163642463221435,4.807294370078226,1.419934640522876,-1
160802,28.5,85.0,150.3,121.2,indoor,24.225,18216.36,5.01926462079431,4.805659046737495,1.229950900163666,-1
165802,28.5,85.0,154.0,120.8,indoor,24.225,18603.2,5.043425116919247,4.802380355275797,1.264367816091954,-1
170802,28.5,85.0,150.3,120.8,indoor,24.225,18156.24,5.01926462079431,4.802380355275797,1.2339901477832511,-1
175802,28.5,85.0,150.3,120.3,indoor,24.225,18081.09,5.01926462079431,4.798266815950004,1.2390766694146744,-1
180802,28.5,85.0,132.5,120.2,indoor,24.225,15926.5,4.894101477840304,4.797442073635214,1.0932343234323432,-1
185802,28.5,85.0,132.5,120.1,indoor,24.225,15913.25,4.894101477840304,4.796616650559047,1.0941370767960363,-1
190802,28.5,85.0,119.4,119.7,indoor,24.225,14292.18,4.79081953287472,4.793308128103486,0.9892294946147472,-1
195802,28.5,85.0,129.2,120.1,indoor,24.225,15516.919999999998,4.869071729774468,4.796616650559047,1.0668868703550785,-1
200802,28.5,85.0,119.4,119.5,indoor,24.225,14268.3,4.79081953287472,4.791649752930709,0.9908713692946058,-1
205802,28.5,85.0,116.3,120.0,indoor,24.225,13956.0,4.76473475565943,4.795790545596741,0.9611570247933884,-1
210802,28.5,85.0,116.3,120.2,indoor,24.225,13979.26,4.76473475565943,4.797442073635214,0.9595709570957096,-1
215802,28.5,85.0,113.3,119.6,indoor,24.225,13550.679999999998,4.738826570800765,4.792479284293085,0.939469320066335,-1
220802,28.5,85.0,119.4,119.5,indoor,24.225,14268.3,4.79081953287472,4.791649752930709,0.9908713692946058,-1
225802,28.5,85.0,135.9,120.4,indoor,24.225,16362.36,4.919250732294404,4.799090878625398,1.1194398682042834,-1
230802,28.5,85.0,125.9,119.6,indoor,24.225,15057.64,4.843399374720342,4.792479284293085,1.0439469320066337,-1
235802,28.5,85.0,129.2,119.4,indoor,24.225,15426.48,4.869071729774468,4.79081953287472,1.0730897009966776,-1
240802,28.5,85.0,119.4,119.5,indoor,24.225,14268.3,4.79081953287472,4.791649752930709,0.9908713692946058,-1
245802,28.5,85.0,107.3,119.1,indoor,24.225,12779.429999999998,4.684905154006945,4.788324729085938,0.8934221482098251,-1
250802,28.5,85.0,116.3,119.2,indoor,24.225,13862.96,4.76473475565943,4.789157022101107,0.9675540765391014,1
255802,28.5,85.0,107.3,119.1,indoor,24.225,12779.429999999998,4.684905154006945,4.788324729085938,0.8934221482098251,-1
260802,28.5,85.0,113.3,118.9,indoor,24.225,13471.37,4.738826570800765,4.786658062033468,0.9449541284403667,-1
265802,28.5,85.0,110.3,118.8,indoor,24.225,13103.64,4.712229258281499,4.785823685681349,0.9207011686143572,-1
270802,28.5,85.0,119.4,118.5,indoor,24.225,14148.9,4.79081953287472,4.783316371371566,0.999163179916318,1
275802,28.5,85.0,119.4,118.4,indoor,24.225,14136.96,4.79081953287472,4.782479200958502,1.0,1
280802,28.5,85.0,98.9,118.3,indoor,24.225,11699.87,4.604169685654508,4.78164132910387,0.829002514668902,1
285802,28.5,84.0,98.9,118.0,indoor,23.94,11670.2,4.604169685654508,4.77912349311153,0.83109243697479,1
290802,28.5,84.0,98.9,117.4,indoor,23.94,11610.86,4.604169685654508,4.774068722449905,0.8353040540540541,1
295802,28.5,84.0,98.9,117.6,indoor,23.94,11630.64,4.604169685654508,4.775756486563625,0.83389544688027,1
300802,28.5,84.0,98.9,117.4,indoor,23.94,11610.86,4.604169685654508,4.774068722449905,0.8353040540540541,1
305802,28.5,84.0,104.5,117.5,indoor,23.94,12278.75,4.658710952916121,4.774912960575186,0.8818565400843882,1
310802,28.5,84.0,98.9,117.6,indoor,23.94,11630.64,4.604169685654508,4.775756486563625,0.83389544688027,1
315802,28.5,84.0,110.3,117.3,indoor,23.94,12938.19,4.712229258281499,4.773223770984341,0.9323753169907016,1
320802,28.5,84.0,96.1,116.9,indoor,23.94,11234.09,4.575741375297279,4.769836807543325,0.8150975402883799,1
325802,28.5,84.0,98.9,116.9,indoor,23.94,11561.410000000002,4.604169685654508,4.769836807543325,0.8388464800678541,1
330802,28.5,84.0,85.8,116.7,indoor,23.94,10012.86,4.463606621666305,4.768139014266231,0.7289719626168224,1
335802,28.5,84.0,98.9,116.8,indoor,23.94,11551.52,4.604169685654508,4.768988271217486,0.8395585738539899,1
340802,28.5,84.0,98.9,116.5,indoor,23.94,11521.85,4.604169685654508,4.7664383335842135,0.8417021276595745,1
345802,28.5,84.0,98.9,116.8,indoor,23.94,11551.52,4.604169685654508,4.768988271217486,0.8395585738539899,1
350802,28.5,84.0,85.8,117.0,indoor,23.94,10038.6,4.463606621666305,4.770684624465665,0.7271186440677966,1
355802,28.5,84.0,98.9,116.9,indoor,23.94,11561.410000000002,4.604169685654508,4.769836807543325,0.8388464800678541,1
360802,28.5,84.0,93.5,116.3,indoor,23.94,10874.05,4.548599834499697,4.76473475565943,0.7971014492753623,1
365802,28.5,84.0,98.9,117.0,indoor,23.94,11571.3,4.604169685654508,4.770684624465665,0.838135593220339,1
370802,28.5,84.0,98.9,116.7,indoor,23.94,11541.63,4.604169685654508,4.768139014266231,0.8402718776550553,1
375802,28.5,84.0,98.9,117.2,indoor,23.94,11591.080000000002,4.604169685654508,4.772378104971998,0.8367174280879864,1
380802,28.5,84.0,96.1,116.9,indoor,23.94,11234.09,4.575741375297279,4.769836807543325,0.8150975402883799,1
385802,28.5,84.0,96.1,117.2,indoor,23.94,11262.92,4.575741375297279,4.772378104971998,0.8130287648054145,1
390802,28.5,84.0,96.1,117.4,indoor,23.94,11282.14,4.575741375297279,4.774068722449905,0.8116554054054054,1
395802,28.5,84.0,74.0,117.6,indoor,23.94,8702.4,4.31748811353631,4.775756486563625,0.6239460370994941,-1
400802,28.5,84.0,98.9,117.7,indoor,23.94,11640.53,4.604169685654508,4.776599301615622,0.8331929233361416,1
405802,28.5,84.0,88.3,117.3,indoor,23.94,10357.59,4.492001487882454,4.773223770984341,0.746407438715131,1
410802,28.5,84.0,96.1,117.5,indoor,23.94,11291.75,4.575741375297279,4.774912960575186,0.810970464135021,1
415802,28.5,84.0,104.5,117.1,indoor,23.94,12236.95,4.658710952916121,4.771531723203316,0.8848433530906012,1
420802,28.5,84.0,98.9,117.5,indoor,23.94,11620.75,4.604169685654508,4.774912960575186,0.8345991561181435,1
425802,28.5,84.0,88.3,117.5,indoor,23.94,10375.25,4.492001487882454,4.774912960575186,0.7451476793248945,1
430802,28.5,84.0,93.5,117.4,indoor,23.94,10976.9,4.548599834499697,4.774068722449905,0.7896959459459459,1
435802,28.5,84.0,98.9,117.5,indoor,23.94,11620.75,4.604169685654508,4.774912960575186,0.8345991561181435,1
440802,28.5,84.0,93.5,117.3,indoor,23.94,10967.55,4.548599834499697,4.773223770984341,0.790363482671175,1
445802,28.5,84.0,90.9,117.0,indoor,23.94,10635.3,4.520701029361642,4.770684624465665,0.7703389830508475,1
450802,28.5,84.0,90.9,117.2,indoor,23.94,10653.48,4.520701029361642,4.772378104971998,0.7690355329949239,1
455802,28.5,84.0,71.8,116.7,indoor,23.94,8379.06,4.28771595520264,4.768139014266231,0.6100254885301614,1
460802,28.5,84.0,80.9,117.0,indoor,23.94,9465.3,4.405498990859024,4.770684624465665,0.6855932203389831,1
465802,28.5,84.0,93.5,116.8,indoor,23.94,10920.8,4.548599834499697,4.768988271217486,0.7937181663837012,1
470802,28.5,84.0,98.9,117.2,indoor,23.94,11591.080000000002,4.604169685654508,4.772378104971998,0.8367174280879864,1
475802,28.5,84.0,85.8,116.6,indoor,23.94,10004.28,4.463606621666305,4.767289035464526,0.7295918367346939,1
480802,28.5,84.0,88.3,116.9,indoor,23.94,10322.27,4.492001487882454,4.769836807543325,0.7489397794741306,1
485802,28.5,84.0,83.3,116.7,indoor,23.94,9721.11,4.4343818650078095,4.768139014266231,0.707731520815633,1
490802,28.5,84.0,83.3,117.2,indoor,23.94,9762.76,4.4343818650078095,4.772378104971998,0.7047377326565143,1
495802,28.5,84.0,93.5,116.8,indoor,23.94,10920.8,4.548599834499697,4.768988271217486,0.7937181663837012,1
500802,28.5,84.0,98.9,116.9,indoor,23.94,11561.410000000002,4.604169685654508,4.769836807543325,0.8388464800678541,1
505802,28.5,84.0,104.5,116.6,indoor,23.94,12184.7,4.658710952916121,4.767289035464526,0.8886054421768708,1
510802,28.5,84.0,107.3,116.8,indoor,23.94,12532.64,4.684905154006945,4.768988271217486,0.9108658743633276,1
515802,28.5,84.0,110.3,116.7,indoor,23.94,12872.01,4.712229258281499,4.768139014266231,0.9371282922684792,1
520802,28.5,84.0,90.9,116.7,indoor,23.94,10608.03,4.520701029361642,4.768139014266231,0.772302463891249,1
525802,28.5,84.0,90.9,116.5,indoor,23.94,10589.85,4.520701029361642,4.7664383335842135,0.7736170212765958,1
530802,28.5,84.0,85.8,116.5,indoor,23.94,9995.7,4.463606621666305,4.7664383335842135,0.7302127659574468,1
535802,28.5,84.0,83.3,116.1,indoor,23.94,9671.13,4.4343818650078095,4.763028270603671,0.7113578138343296,1
540802,28.5,84.0,83.3,116.5,indoor,23.94,9704.45,4.4343818650078095,4.7664383335842135,0.7089361702127659,1
545802,28.5,84.0,85.8,116.5,indoor,23.94,9995.7,4.463606621666305,4.7664383335842135,0.7302127659574468,1
550802,28.5,84.0,88.3,116.5,indoor,23.94,10286.95,4.492001487882454,4.7664383335842135,0.7514893617021277,1
555802,28.5,84.0,83.3,116.7,indoor,23.94,9721.11,4.4343818650078095,4.768139014266231,0.707731520815633,1
560802,28.5,84.0,85.8,116.3,indoor,23.94,9978.54,4.463606621666305,4.76473475565943,0.731457800511509,1
565802,28.5,84.0,96.1,116.5,indoor,23.94,11195.65,4.575741375297279,4.7664383335842135,0.8178723404255319,1
570802,28.5,84.0,98.9,116.2,indoor,23.94,11492.18,4.604169685654508,4.763881877142913,0.8438566552901025,1
575802,28.5,84.0,90.9,116.3,indoor,23.94,10571.67,4.520701029361642,4.76473475565943,0.7749360613810742,1
580802,28.5,84.0,96.1,116.4,indoor,23.94,11186.04,4.575741375297279,4.765586907393996,0.8185689948892674,1
585802,28.5,84.0,88.3,116.2,indoor,23.94,10260.46,4.492001487882454,4.763881877142913,0.7534129692832764,1
590802,28.5,84.0,93.5,116.4,indoor,23.94,10883.4,4.548599834499697,4.765586907393996,0.7964224872231687,1
595802,28.5,84.0,96.1,116.1,indoor,23.94,11157.21,4.575741375297279,4.763028270603671,0.82066609735269,1
600802,28.5,84.0,98.9,116.4,indoor,23.94,11511.96,4.604169685654508,4.765586907393996,0.8424190800681431,1
605802,28.5,84.0,71.8,116.3,indoor,23.94,8350.34,4.28771595520264,4.76473475565943,0.6121057118499573,1
610802,28.5,84.0,88.3,116.5,indoor,23.94,10286.95,4.492001487882454,4.7664383335842135,0.7514893617021277,1
615802,28.5,84.0,83.3,116.1,indoor,23.94,9671.13,4.4343818650078095,4.763028270603671,0.7113578138343296,1
620802,28.5,84.0,85.8,116.4,indoor,23.94,9987.12,4.463606621666305,4.765586907393996,0.7308347529812605,1
625802,28.5,84.0,80.9,116.3,indoor,23.94,9408.67,4.405498990859024,4.76473475565943,0.6896845694799659,1
630802,28.5,84.0,76.3,116.2,indoor,23.94,8866.06,4.3476939555933765,4.763881877142913,0.6510238907849829,1
635802,28.5,84.0,88.3,116.4,indoor,23.94,10278.12,4.492001487882454,4.765586907393996,0.752129471890971,1
640802,28.5,84.0,83.3,116.1,indoor,23.94,9671.13,4.4343818650078095,4.763028270603671,0.7113578138343296,1
645802,28.5,84.0,88.3,116.5,indoor,23.94,10286.95,4.492001487882454,4.7664383335842135,0.7514893617021277,1
650802,28.5,84.0,85.8,116.0,indoor,23.94,9952.8,4.463606621666305,4.762173934797756,0.7333333333333333,1
655802,28.5,84.0,93.5,116.2,indoor,23.94,10864.7,4.548599834499697,4.763881877142913,0.7977815699658702,1
660802,28.5,84.0,83.3,116.0,indoor,23.94,9662.8,4.4343818650078095,4.762173934797756,0.711965811965812,1
665802,28.5,84.0,85.8,115.8,indoor,23.94,9935.64,4.463606621666305,4.760463070394127,0.7345890410958904,1
670802,28.5,84.0,90.9,116.0,indoor,23.94,10544.4,4.520701029361642,4.762173934797756,0.7769230769230769,1
675802,28.5,84.0,88.3,115.8,indoor,23.94,10225.14,4.492001487882454,4.760463070394127,0.7559931506849314,1
680802,28.5,84.0,90.9,116.0,indoor,23.94,10544.4,4.520701029361642,4.762173934797756,0.7769230769230769,1
685802,28.5,84.0,80.9,115.6,indoor,23.94,9352.04,4.405498990859024,4.758749273916392,0.6938250428816467,1
690802,28.5,84.0,96.1,116.0,indoor,23.94,11147.6,4.575741375297279,4.762173934797756,0.8213675213675213,1
695802,28.5,84.0,96.1,115.7,indoor,23.94,11118.77,4.575741375297279,4.75960653929251,0.8234790059982862,1
700802,28.5,84.0,88.3,116.1,indoor,23.94,10251.63,4.492001487882454,4.763028270603671,0.7540563620836892,1
705802,28.5,84.0,90.9,116.1,indoor,23.94,10553.49,4.520701029361642,4.763028270603671,0.7762596071733562,1
710802,28.5,84.0,93.5,116.1,indoor,23.94,10855.35,4.548599834499697,4.763028270603671,0.798462852263023,1
715802,28.5,84.0,96.1,115.9,indoor,23.94,11137.99,4.575741375297279,4.761318868478023,0.8220701454234387,1
720802,28.5,84.0,85.8,115.9,indoor,23.94,9944.22,4.463606621666305,4.761318868478023,0.7339606501283147,1
725802,28.5,84.0,74.0,116.0,indoor,23.94,8584.0,4.31748811353631,4.762173934797756,0.6324786324786325,1
730802,28.5,84.0,71.8,115.6,indoor,23.94,8300.08,4.28771595520264,4.758749273916392,0.6157804459691252,1
735802,28.5,84.0,88.3,115.8,indoor,23.94,10225.14,4.492001487882454,4.760463070394127,0.7559931506849314,1
740802,28.5,84.0,83.3,115.7,indoor,23.94,9637.81,4.4343818650078095,4.75960653929251,0.7137960582690659,1
745802,28.5,84.0,85.8,115.8,indoor,23.94,9935.64,4.463606621666305,4.760463070394127,0.7345890410958904,1
750802,28.5,84.0,85.8,115.5,indoor,23.94,9909.9,4.463606621666305,4.757891273005756,0.736480686695279,1
755802,28.5,84.0,93.5,116.1,indoor,23.94,10855.35,4.548599834499697,4.763028270603671,0.798462852263023,1
760802,28.5,84.0,80.9,115.7,indoor,23.94,9360.13,4.405498990859024,4.75960653929251,0.6932305055698372,1
765802,28.5,84.0,83.3,115.6,indoor,23.94,9629.48,4.4343818650078095,4.758749273916392,0.7144082332761578,1
770802,28.5,84.0,71.8,115.9,indoor,23.94,8321.62,4.28771595520264,4.761318868478023,0.6142001710863986,1
775802,28.5,84.0,90.9,115.5,indoor,23.94,10498.95,4.520701029361642,4.757891273005756,0.7802575107296138,1
780802,28.5,84.0,80.9,115.9,indoor,23.94,9376.31,4.405498990859024,4.761318868478023,0.6920444824636441,1
785802,28.5,84.0,76.3,115.5,indoor,23.94,8812.65,4.3476939555933765,4.757891273005756,0.6549356223175965,1
790802,28.5,84.0,93.5,115.5,indoor,23.94,10799.25,4.548599834499697,4.757891273005756,0.8025751072961373,1
795802,28.5,84.0,85.8,114.5,indoor,23.94,9824.1,4.463606621666305,4.749270529961848,0.7428571428571429,1
800802,28.5,84.0,80.9,114.6,indoor,23.94,9271.14,4.405498990859024,4.750135956238277,0.6998269896193773,1
805802,28.5,84.0,85.8,114.6,indoor,23.94,9832.679999999998,4.463606621666305,4.750135956238277,0.7422145328719724,1
810802,28.5,84.0,93.5,114.5,indoor,23.94,10705.75,4.548599834499697,4.749270529961848,0.8095238095238095,1
815802,28.5,84.0,85.8,114.8,indoor,23.94,9849.84,4.463606621666305,4.751864565138895,0.7409326424870466,1
820802,28.5,84.0,90.9,114.4,indoor,23.94,10398.96,4.520701029361642,4.748404354073999,0.7876949740034662,1
825802,28.5,84.0,88.3,114.5,indoor,23.94,10110.35,4.492001487882454,4.749270529961848,0.7645021645021645,1
830802,28.5,84.0,96.1,114.3,indoor,23.94,10984.23,4.575741375297279,4.747537427275013,0.8334778837814397,1
835802,28.5,84.0,85.8,114.3,indoor,23.94,9806.94,4.463606621666305,4.747537427275013,0.7441457068516912,1
840802,28.5,84.0,93.5,114.4,indoor,23.94,10696.4,4.548599834499697,4.748404354073999,0.8102253032928942,1
845802,28.5,84.0,88.3,113.9,indoor,23.94,10057.37,4.492001487882454,4.74406218485471,0.7684943429068755,1
850802,28.5,84.0,98.9,113.9,indoor,23.94,11264.71,4.604169685654508,4.74406218485471,0.8607484769364665,1
855802,28.5,84.0,90.9,113.3,indoor,23.94,10298.97,4.520701029361642,4.738826570800765,0.7952755905511811,1
860802,28.5,84.0,90.9,113.7,indoor,23.94,10335.330000000002,4.520701029361642,4.742320024135325,0.7925021795989539,1
865802,28.5,84.0,85.8,113.7,indoor,23.94,9755.46,4.463606621666305,4.742320024135325,0.7480383609415867,1
870802,28.5,84.0,85.8,114.1,indoor,23.94,9789.78,4.463606621666305,4.745801315727837,0.7454387489139879,1
875802,28.5,84.0,96.1,114.0,indoor,23.94,10955.4,4.575741375297279,4.74493212836325,0.8356521739130435,1
880802,28.5,84.0,85.8,114.2,indoor,23.94,9798.36,4.463606621666305,4.746669748261791,0.7447916666666666,1
885802,28.5,84.0,98.9,114.3,indoor,23.94,11304.27,4.604169685654508,4.747537427275013,0.8577623590633132,1
890802,28.5,84.0,85.8,114.4,indoor,23.94,9815.52,4.463606621666305,4.748404354073999,0.7435008665511265,1
895802,28.5,84.0,90.9,114.5,indoor,23.94,10408.05,4.520701029361642,4.749270529961848,0.787012987012987,1
900802,28.5,84.0,88.3,114.4,indoor,23.94,10101.52,4.492001487882454,4.748404354073999,0.7651646447140381,1
905802,28.5,84.0,98.9,114.4,indoor,23.94,11314.160000000002,4.604169685654508,4.748404354073999,0.8570190641247833,1
910802,28.5,84.0,76.3,114.0,indoor,23.94,8698.199999999999,4.3476939555933765,4.74493212836325,0.6634782608695652,1
915802,28.5,84.0,90.9,114.5,indoor,23.94,10408.05,4.520701029361642,4.749270529961848,0.787012987012987,1
920802,28.5,84.0,85.8,113.9,indoor,23.94,9772.62,4.463606621666305,4.74406218485471,0.7467362924281984,1
925802,28.5,84.0,90.9,114.2,indoor,23.94,10380.78,4.520701029361642,4.746669748261791,0.7890625,1
930802,28.5,84.0,96.1,114.0,indoor,23.94,10955.4,4.575741375297279,4.74493212836325,0.8356521739130435,1
935802,28.5,84.0,93.5,113.8,indoor,23.94,10640.3,4.548599834499697,4.743191483885466,0.8144599303135889,1
940802,28.5,84.0,88.3,113.9,indoor,23.94,10057.37,4.492001487882454,4.74406218485471,0.7684943429068755,1
945802,28.5,84.0,88.3,113.6,indoor,23.94,10030.88,4.492001487882454,4.741447804280639,0.7705061082024433,1
950802,28.5,84.0,98.9,114.1,indoor,23.94,11284.49,4.604169685654508,4.745801315727837,0.8592528236316248,1
955802,28.5,84.0,85.8,114.0,indoor,23.94,9781.2,4.463606621666305,4.74493212836325,0.7460869565217391,1
960802,28.5,84.0,101.6,114.4,indoor,23.94,11623.04,4.630837932736669,4.748404354073999,0.8804159445407278,1
965802,28.5,84.0,93.5,114.3,indoor,23.94,10687.05,4.548599834499697,4.747537427275013,0.810928013876843,1
970802,28.5,84.0,98.9,114.1,indoor,23.94,11284.49,4.604169685654508,4.745801315727837,0.8592528236316248,1
975802,28.5,84.0,101.6,114.3,indoor,23.94,11612.88,4.630837932736669,4.747537427275013,0.881179531656548,1
980802,28.5,84.0,98.9,113.5,indoor,23.94,11225.15,4.604169685654508,4.740574822994295,0.8637554585152839,1
985802,28.5,84.0,101.6,114.1,indoor,23.94,11592.56,4.630837932736669,4.745801315727837,0.8827106863596872,1
990802,28.5,84.0,85.8,113.5,indoor,23.94,9738.3,4.463606621666305,4.740574822994295,0.7493449781659388,1
995802,28.5,84.0,88.3,114.0,indoor,23.94,10066.2,4.492001487882454,4.74493212836325,0.7678260869565218,1
1000802,28.5,84.0,88.3,113.7,indoor,23.94,10039.71,4.492001487882454,4.742320024135325,0.7698343504795118,1
1005802,28.5,84.0,96.1,113.6,indoor,23.94,10916.96,4.575741375297279,4.741447804280639,0.8385689354275742,1
1010802,28.5,84.0,98.9,114.2,indoor,23.94,11294.38,4.604169685654508,4.746669748261791,0.8585069444444444,1
1015802,28.5,84.0,93.5,113.6,indoor,23.94,10621.6,4.548599834499697,4.741447804280639,0.8158813263525306,1
1020802,28.5,84.0,93.5,113.7,indoor,23.94,10630.95,4.548599834499697,4.742320024135325,0.8151700087183958,1
1025802,28.5,84.0,93.5,113.4,indoor,23.94,10602.9,4.548599834499697,4.739701078945697,0.8173076923076923,1
1030802,28.5,84.0,96.1,113.7,indoor,23.94,10926.57,4.575741375297279,4.742320024135325,0.8378378378378377,1
1035802,28.5,84.0,76.3,113.3,indoor,23.94,8644.789999999999,4.3476939555933765,4.738826570800765,0.6675415573053368,1
1040802,28.5,84.0,85.8,113.5,indoor,23.94,9738.3,4.463606621666305,4.740574822994295,0.7493449781659388,1
1045802,28.5,84.0,93.5,113.2,indoor,23.94,10584.2,4.548599834499697,4.73795129722191,0.818739054290718,1
1050802,28.5,84.0,96.1,113.5,indoor,23.94,10907.35,4.575741375297279,4.740574822994295,0.839301310043668,1
1055802,28.5,84.0,93.5,113.1,indoor,23.94,10574.85,4.548599834499697,4.73707525686803,0.8194566170026293,1
1060802,28.5,84.0,90.9,113.5,indoor,23.94,10317.15,4.520701029361642,4.740574822994295,0.7938864628820961,1
1065802,28.5,84.0,93.5,113.2,indoor,23.94,10584.2,4.548599834499697,4.73795129722191,0.818739054290718,1
1070802,28.5,84.0,98.9,113.4,indoor,23.94,11215.260000000002,4.604169685654508,4.739701078945697,0.8645104895104895,1
1075802,28.5,84.0,83.3,113.3,indoor,23.94,9437.89,4.4343818650078095,4.738826570800765,0.7287839020122484,1
1080802,28.5,84.0,85.8,113.4,indoor,23.94,9729.72,4.463606621666305,4.739701078945697,0.7499999999999999,1
1085802,28.5,84.0,85.8,113.4,indoor,23.94,9729.72,4.463606621666305,4.739701078945697,0.7499999999999999,1
1090802,28.5,84.0,98.9,113.2,indoor,23.94,11195.48,4.604169685654508,4.73795129722191,0.8660245183887916,1
1095802,28.5,84.0,96.1,113.3,indoor,23.94,10888.13,4.575741375297279,4.738826570800765,0.8407699037620298,1
1100802,28.5,84.0,93.5,113.2,indoor,23.94,10584.2,4.548599834499697,4.73795129722191,0.818739054290718,1
1105802,28.5,84.0,93.5,113.4,indoor,23.94,10602.9,4.548599834499697,4.739701078945697,0.8173076923076923,1
1110802,28.5,84.0,85.8,113.2,indoor,23.94,9712.56,4.463606621666305,4.73795129722191,0.7513134851138353,1
1115802,28.5,84.0,85.8,116.3,indoor,23.94,9978.54,4.463606621666305,4.76473475565943,0.731457800511509,1
1120802,28.5,84.0,88.3,115.8,indoor,23.94,10225.14,4.492001487882454,4.760463070394127,0.7559931506849314,1
1125802,28.5,83.0,83.3,115.9,indoor,23.655,9654.47,4.4343818650078095,4.761318868478023,0.7125748502994012,1
1130802,28.5,83.0,90.9,116.0,indoor,23.655,10544.4,4.520701029361642,4.762173934797756,0.7769230769230769,1
1135802,28.5,83.0,76.3,116.1,indoor,23.655,8858.429999999998,4.3476939555933765,4.763028270603671,0.6515798462852264,-1
1140802,28.5,83.0,76.3,115.8,indoor,23.655,8835.539999999999,4.3476939555933765,4.760463070394127,0.6532534246575342,-1
1145802,28.5,84.0,80.9,114.9,indoor,23.94,9295.410000000002,4.405498990859024,4.752727750345706,0.6980155306298533,1
1150802,28.5,83.0,76.3,113.8,indoor,23.655,8682.939999999999,4.3476939555933765,4.743191483885466,0.6646341463414634,-1
1155802,28.5,83.0,96.1,113.7,indoor,23.655,10926.57,4.575741375297279,4.742320024135325,0.8378378378378377,1
1160802,28.5,83.0,93.5,113.6,indoor,23.655,10621.6,4.548599834499697,4.741447804280639,0.8158813263525306,1
1165802,28.5,83.0,204.5,113.3,indoor,23.655,23169.85,5.32544603393629,4.738826570800765,1.78915135608049,1
1170802,28.5,83.0,93.5,113.5,indoor,23.655,10612.25,4.548599834499697,4.740574822994295,0.8165938864628821,1
1175802,28.5,83.0,88.3,113.4,indoor,23.655,10013.22,4.492001487882454,4.739701078945697,0.7718531468531468,1
1180802,28.5,83.0,88.3,113.1,indoor,23.655,9986.73,4.492001487882454,4.73707525686803,0.7738825591586328,1
1185802,28.5,83.0,85.8,113.3,indoor,23.655,9721.14,4.463606621666305,4.738826570800765,0.7506561679790026,1
1190802,28.5,83.0,88.3,113.3,indoor,23.655,10004.39,4.492001487882454,4.738826570800765,0.7725284339457568,1
1195802,28.5,83.0,80.9,113.3,indoor,23.655,9165.97,4.405498990859024,4.738826570800765,0.7077865266841645,1
1200802,28.5,83.0,76.3,113.5,indoor,23.655,8660.05,4.3476939555933765,4.740574822994295,0.6663755458515284,1
1205802,28.5,83.0,74.0,113.1,indoor,23.655,8369.4,4.31748811353631,4.73707525686803,0.6485539000876425,-1
1210802,28.5,83.0,83.3,113.1,indoor,23.655,9421.23,4.4343818650078095,4.73707525686803,0.7300613496932515,1
1215802,28.5,83.0,93.5,112.9,indoor,23.655,10556.15,4.548599834499697,4.735320870453137,0.8208955223880596,1
1220802,28.5,83.0,93.5,113.2,indoor,23.655,10584.2,4.548599834499697,4.73795129722191,0.818739054290718,1
1225802,28.5,83.0,96.1,112.9,indoor,23.655,10849.69,4.575741375297279,4.735320870453137,0.8437225636523266,1
1230802,28.5,83.0,90.9,112.6,indoor,23.655,10235.34,4.520701029361642,4.732683506287051,0.8001760563380282,1
1235802,28.5,83.0,83.3,113.1,indoor,23.655,9421.23,4.4343818650078095,4.73707525686803,0.7300613496932515,1
1240802,28.5,83.0,85.8,113.1,indoor,23.655,9703.98,4.463606621666305,4.73707525686803,0.7519719544259422,1
1245802,28.5,83.0,90.9,113.1,indoor,23.655,10280.79,4.520701029361642,4.73707525686803,0.7966695880806312,1
1250802,28.5,83.0,93.5,112.8,indoor,23.655,10546.8,4.548599834499697,4.73444252169223,0.8216168717047452,1
1255802,28.5,83.0,93.5,113.0,indoor,23.655,10565.5,4.548599834499697,4.736198448394496,0.8201754385964912,1
1260802,28.5,83.0,76.3,112.8,indoor,23.655,8606.64,4.3476939555933765,4.73444252169223,0.6704745166959578,-1
1265802,28.5,83.0,80.9,112.9,indoor,23.655,9133.61,4.405498990859024,4.735320870453137,0.7102721685689202,1
1270802,28.5,83.0,90.9,112.6,indoor,23.655,10235.34,4.520701029361642,4.732683506287051,0.8001760563380282,1
1275802,28.5,83.0,85.8,112.5,indoor,23.655,9652.5,4.463606621666305,4.7318028369214575,0.7559471365638766,1
1280802,28.5,83.0,88.3,112.6,indoor,23.655,9942.58,4.492001487882454,4.732683506287051,0.7772887323943662,1
1285802,28.5,83.0,90.9,112.3,indoor,23.655,10208.07,4.520701029361642,4.730039168033961,0.8022947925860547,1
1290802,28.5,83.0,76.3,112.2,indoor,23.655,8560.86,4.3476939555933765,4.729156165769083,0.6740282685512367,-1
1295802,28.5,83.0,71.8,112.4,indoor,23.655,8070.32,4.28771595520264,4.730921391293652,0.6331569664902997,-1
1300802,28.5,83.0,83.3,112.2,indoor,23.655,9346.26,4.4343818650078095,4.729156165769083,0.7358657243816255,1
1305802,28.5,83.0,88.3,112.1,indoor,23.655,9898.429999999998,4.492001487882454,4.728272383122075,0.7807250221043325,1
1310802,28.5,83.0,93.5,112.2,indoor,23.655,10490.7,4.548599834499697,4.729156165769083,0.8259717314487632,1
1315802,28.5,83.0,90.9,111.9,indoor,23.655,10171.71,4.520701029361642,4.726502471155617,0.8051372896368468,1
1320802,28.5,83.0,98.9,112.2,indoor,23.655,11096.580000000002,4.604169685654508,4.729156165769083,0.8736749116607774,1
1325802,28.5,83.0,80.9,111.9,indoor,23.655,9052.71,4.405498990859024,4.726502471155617,0.7165633303808681,-1
1330802,28.5,83.0,90.9,112.1,indoor,23.655,10189.89,4.520701029361642,4.728272383122075,0.803713527851459,1
1335802,28.5,83.0,96.1,112.2,indoor,23.655,10782.42,4.575741375297279,4.729156165769083,0.8489399293286218,1
1340802,28.5,83.0,85.8,112.3,indoor,23.655,9635.34,4.463606621666305,4.730039168033961,0.7572815533980582,1
1345802,28.5,83.0,96.1,112.8,indoor,23.655,10840.08,4.575741375297279,4.73444252169223,0.844463971880492,1
1350802,28.5,83.0,80.9,112.4,indoor,23.655,9093.160000000002,4.405498990859024,4.730921391293652,0.7134038800705468,1
1555802,28.0,89.0,255.2,111.8,kitchen,24.92,28531.36,5.545958389462633,4.725616339063959,2.2624113475177303,-1
1560802,28.0,89.0,239.1,111.7,kitchen,24.92,26707.47,5.481055503227208,4.724729421045731,2.121561668145519,-1
1565802,28.0,88.0,399.2,110.2,kitchen,24.64,43991.84,5.991964422149633,4.711330381816482,3.5899280575539567,-1
1570802,28.1,88.0,327.7,118.7,kitchen,24.728,38897.99,5.795145480670174,4.784988612563928,2.7376775271512117,-1
1575802,28.5,88.0,289.8,115.5,kitchen,25.08,33471.9,5.672635745659364,4.757891273005756,2.487553648068669,-1
1580802,28.5,88.0,327.7,113.0,kitchen,25.08,37030.1,5.795145480670174,4.736198448394496,2.874561403508772,-1
1585802,28.5,88.0,355.1,116.4,kitchen,25.08,41333.64000000001,5.875211590283732,4.765586907393996,3.024701873935264,-1
1590802,28.5,88.0,327.7,111.2,kitchen,25.08,36440.24,5.795145480670174,4.720282993088596,2.920677361853832,-1
1595802,28.5,88.0,369.3,113.4,kitchen,25.08,41878.62,5.914313487919567,4.739701078945697,3.228146853146853,-1
1600802,28.5,88.0,355.1,116.4,kitchen,25.08,41333.64000000001,5.875211590283732,4.765586907393996,3.024701873935264,-1
1605802,28.5,88.0,399.2,112.6,kitchen,25.08,44949.92,5.991964422149633,4.732683506287051,3.514084507042253,-1
1610802,28.5,88.0,384.1,112.9,kitchen,25.08,43364.89000000001,5.953503040820864,4.735320870453137,3.3722563652326603,-1
1615802,28.5,87.0,321.2,112.7,kitchen,24.795,36199.24,5.7751724707428735,4.73356340075649,2.8249780123131045,-1
1620802,28.5,87.0,369.3,111.0,kitchen,24.795,40992.3,5.914313487919567,4.718498871295094,3.2973214285714287,-1
1625802,28.5,87.0,341.2,117.3,kitchen,24.795,40022.76,5.835395361458093,4.773223770984341,2.8841927303465766,-1
1630802,28.5,87.0,341.2,112.9,kitchen,24.795,38521.48,5.835395361458093,4.735320870453137,2.995610184372256,-1
1635802,28.5,87.0,376.6,117.0,kitchen,24.795,44062.2,5.933835434271345,4.770684624465665,3.1915254237288138,-1
1640802,28.5,87.0,369.3,117.4,kitchen,24.795,43355.82000000001,5.914313487919567,4.774068722449905,3.1190878378378377,-1
1645802,28.5,87.0,399.2,117.0,kitchen,24.795,46706.4,5.991964422149633,4.770684624465665,3.383050847457627,-1
1650802,28.5,87.0,341.2,118.8,kitchen,24.795,40534.56,5.835395361458093,4.785823685681349,2.8480801335559267,-1
1655802,28.5,86.0,314.7,114.6,kitchen,24.51,36064.62,5.754792395563946,4.750135956238277,2.722318339100346,1
1660802,28.5,86.0,407.0,111.7,kitchen,24.51,45461.9,6.0112671744041615,4.724729421045731,3.6113575865128658,-1
1665802,28.5,86.0,355.1,111.7,kitchen,24.51,39664.670000000006,5.875211590283732,4.724729421045731,3.1508429458740017,1
1670802,28.5,86.0,369.3,112.1,kitchen,24.51,41398.53,5.914313487919567,4.728272383122075,3.265251989389921,1
1675802,28.5,85.0,407.0,111.7,kitchen,24.225,45461.9,6.0112671744041615,4.724729421045731,3.6113575865128658,-1
1680802,28.5,85.0,384.1,111.8,kitchen,24.225,42942.380000000005,5.953503040820864,4.725616339063959,3.405141843971632,1
1685802,28.5,85.0,407.0,112.0,kitchen,24.225,45584.0,6.0112671744041615,4.727387818712341,3.601769911504425,-1
1690802,28.5,85.0,376.6,111.4,kitchen,24.225,41953.240000000005,5.933835434271345,4.722063937459591,3.3505338078291813,1
1695802,28.5,85.0,422.8,111.2,kitchen,24.225,47015.36,6.049261645834199,4.720282993088596,3.768270944741533,-1
1700802,28.5,85.0,399.2,110.9,kitchen,24.225,44271.28,5.991964422149633,4.71760561531788,3.567470956210902,-1
1705802,28.5,85.0,391.6,111.0,kitchen,24.225,43467.600000000006,5.972791281842361,4.718498871295094,3.4964285714285714,1
1710802,28.5,84.0,384.1,111.4,kitchen,23.94,42788.740000000005,5.953503040820864,4.722063937459591,3.417259786476869,1
1715802,28.5,84.0,376.6,111.7,kitchen,23.94,42066.22,5.933835434271345,4.724729421045731,3.3416149068322984,1
1720802,28.5,84.0,422.8,112.6,kitchen,23.94,47607.28,6.049261645834199,4.732683506287051,3.721830985915493,-1
1725802,28.5,84.0,376.6,111.9,kitchen,23.94,42141.54000000001,5.933835434271345,4.726502471155617,3.3356953055801597,1
1730802,28.5,84.0,407.0,111.8,kitchen,23.94,45502.6,6.0112671744041615,4.725616339063959,3.6081560283687946,-1
1735802,28.8,84.0,341.2,111.9,kitchen,24.192000000000004,38180.28,5.835395361458093,4.726502471155617,3.0221434898139945,1
1740802,28.9,84.0,327.7,112.0,kitchen,24.276,36702.4,5.795145480670174,4.727387818712341,2.9,1
1745802,28.9,84.0,348.1,111.7,kitchen,24.276,38882.77,5.855358414110991,4.724729421045731,3.088731144631766,1
1750802,28.9,84.0,422.8,114.2,kitchen,24.276,48283.76,6.049261645834199,4.746669748261791,3.670138888888889,-1
1755802,28.9,84.0,348.1,112.6,kitchen,24.276,39196.06,5.855358414110991,4.732683506287051,3.064260563380282,1
1760802,28.9,84.0,341.2,114.0,kitchen,24.276,38896.8,5.835395361458093,4.74493212836325,2.9669565217391303,1
1765802,28.9,84.0,348.1,113.2,kitchen,24.276,39404.920000000006,5.855358414110991,4.73795129722191,3.0481611208406307,1
1770802,28.9,84.0,384.1,113.7,kitchen,24.276,43672.170000000006,5.953503040820864,4.742320024135325,3.3487358326068004,1
1775802,28.9,84.0,341.2,113.8,kitchen,24.276,38828.56,5.835395361458093,4.743191483885466,2.972125435540069,1
1780802,28.9,84.0,327.7,113.8,kitchen,24.276,37292.26,5.795145480670174,4.743191483885466,2.8545296167247387,1
1785802,28.9,84.0,341.2,113.5,kitchen,24.276,38726.2,5.835395361458093,4.740574822994295,2.9799126637554583,1
1790802,28.9,84.0,348.1,116.2,kitchen,24.276,40449.22,5.855358414110991,4.763881877142913,2.970136518771332,1
1795802,28.9,85.0,369.3,117.1,kitchen,24.565,43245.03,5.914313487919567,4.771531723203316,3.1270110076206605,-1
1800802,28.9,84.0,341.2,113.9,kitchen,24.276,38862.68,5.835395361458093,4.74406218485471,2.969538729329852,1
1805802,28.9,84.0,341.2,113.4,kitchen,24.276,38692.08,5.835395361458093,4.739701078945697,2.982517482517482,1
1810802,28.9,84.0,348.1,114.6,kitchen,24.276,39892.26,5.855358414110991,4.750135956238277,3.011245674740485,1
1815802,28.9,84.0,321.2,114.4,kitchen,24.276,36745.28,5.7751724707428735,4.748404354073999,2.7833622183708835,1
1820802,28.9,84.0,321.2,115.4,kitchen,24.276,37066.48,5.7751724707428735,4.757032535297338,2.759450171821306,1
1825802,28.9,84.0,341.2,114.5,kitchen,24.276,39067.4,5.835395361458093,4.749270529961848,2.954112554112554,1
1830802,28.9,84.0,314.7,113.9,kitchen,24.276,35844.33,5.754792395563946,4.74406218485471,2.7389033942558743,1
1835802,28.9,84.0,266.4,113.4,kitchen,24.276,30209.76,5.588745664667843,4.739701078945697,2.3286713286713283,1
1840802,28.9,84.0,327.7,111.9,kitchen,24.276,36669.63,5.795145480670174,4.726502471155617,2.902568644818423,1
1845802,28.9,84.0,341.2,110.2,kitchen,24.276,37600.24,5.835395361458093,4.711330381816482,3.068345323741007,1
1850802,28.9,84.0,341.2,110.9,kitchen,24.276,37839.08,5.835395361458093,4.71760561531788,3.0491510277033065,1
1855802,28.9,84.0,314.7,111.0,kitchen,24.276,34931.7,5.754792395563946,4.718498871295094,2.8098214285714285,1
1860802,28.9,84.0,308.3,110.8,kitchen,24.276,34159.64,5.734311679691024,4.716711560720999,2.7576028622540254,1
1865802,28.9,84.0,327.7,111.3,kitchen,24.276,36473.01,5.795145480670174,4.721173861744398,2.918076580587712,1
1870802,28.9,84.0,327.7,110.7,kitchen,24.276,36276.39,5.795145480670174,4.715816706075155,2.9337511190689343,1
1875802,28.9,84.0,327.7,110.5,kitchen,24.276,36210.85,5.795145480670174,4.7140245909001735,2.939013452914798,1
1880802,28.9,84.0,321.2,110.6,kitchen,24.276,35524.719999999994,5.7751724707428735,4.71492104994721,2.878136200716846,1
1885801,28.9,84.0,348.1,110.0,kitchen,24.276,38291.0,5.855358414110991,4.709530201312334,3.136036036036036,1
1890802,28.9,84.0,362.1,110.9,kitchen,24.276,40156.89000000001,5.89467827842029,4.71760561531788,3.2359249329758715,1
1895802,28.9,84.0,327.7,110.3,kitchen,24.276,36145.31,5.795145480670174,4.712229258281499,2.9442946990116803,1
1900802,28.9,84.0,314.7,110.5,kitchen,24.276,34774.35,5.754792395563946,4.7140245909001735,2.822421524663677,1
1905802,28.9,84.0,314.7,111.2,kitchen,24.276,34994.64,5.754792395563946,4.720282993088596,2.804812834224599,1
1910802,28.9,84.0,314.7,110.6,kitchen,24.276,34805.82,5.754792395563946,4.71492104994721,2.8198924731182795,1
1915802,28.9,84.0,327.7,110.4,kitchen,24.276,36178.08,5.795145480670174,4.713127327493184,2.9416517055655294,1
1920802,28.9,84.0,308.3,110.4,kitchen,24.276,34036.32,5.734311679691024,4.713127327493184,2.767504488330341,1
1925802,28.9,84.0,314.7,110.4,kitchen,24.276,34742.88,5.754792395563946,4.713127327493184,2.8249551166965885,1
1930802,28.9,84.0,391.6,110.4,kitchen,24.276,43232.64000000001,5.972791281842361,4.713127327493184,3.5152603231597848,1
1935802,28.9,84.0,362.1,110.3,kitchen,24.276,39939.630000000005,5.89467827842029,4.712229258281499,3.253369272237197,1
1940802,28.9,84.0,321.2,110.0,kitchen,24.276,35332.0,5.7751724707428735,4.709530201312334,2.893693693693693,1
1945802,28.9,84.0,308.3,110.0,kitchen,24.276,33913.0,5.734311679691024,4.709530201312334,2.7774774774774778,1
1950802,28.9,83.0,289.8,110.1,kitchen,23.987,31906.98,5.672635745659364,4.710430696645584,2.6084608460846086,1
1955802,28.9,83.0,341.2,110.0,kitchen,23.987,37532.0,5.835395361458093,4.709530201312334,3.0738738738738736,1
1960802,28.9,83.0,355.1,110.3,kitchen,23.987,39167.53,5.875211590283732,4.712229258281499,3.1904761904761907,1
1965802,28.9,83.0,327.7,110.5,kitchen,23.987,36210.85,5.795145480670174,4.7140245909001735,2.939013452914798,1
1970802,28.9,83.0,314.7,110.3,kitchen,23.987,34711.41,5.754792395563946,4.712229258281499,2.8274932614555257,1
1975802,28.9,83.0,341.2,110.4,kitchen,23.987,37668.48,5.835395361458093,4.713127327493184,3.062836624775583,1
1980802,28.9,83.0,321.2,110.2,kitchen,23.987,35396.24,5.7751724707428735,4.711330381816482,2.8884892086330933,1
1985802,28.9,83.0,348.1,110.3,kitchen,23.987,38395.43,5.855358414110991,4.712229258281499,3.1275831087151844,1
1990802,28.9,83.0,355.1,110.4,kitchen,23.987,39203.04000000001,5.875211590283732,4.713127327493184,3.187612208258528,1
1995802,28.9,83.0,302.0,110.2,kitchen,23.987,33280.4,5.713732805509369,4.711330381816482,2.7158273381294964,1
2000802,29.0,83.0,314.7,110.4,kitchen,24.07,34742.88,5.754792395563946,4.713127327493184,2.8249551166965885,1
2005802,29.0,83.0,314.7,110.9,kitchen,24.07,34900.23,5.754792395563946,4.71760561531788,2.812332439678284,1
2010802,29.0,83.0,355.1,109.5,kitchen,24.07,38883.45,5.875211590283732,4.705015520957808,3.2135746606334843,1
2015802,29.0,83.0,314.7,109.9,kitchen,24.07,34585.53,5.754792395563946,4.7086288943563215,2.8376916140667263,1
2020802,29.1,83.0,314.7,110.0,kitchen,24.153,34617.0,5.754792395563946,4.709530201312334,2.835135135135135,1
2025802,29.2,83.0,327.7,109.8,kitchen,24.236,35981.46,5.795145480670174,4.707726774313183,2.957581227436823,1
2030802,29.3,83.0,321.2,109.4,kitchen,24.319000000000003,35139.28,5.7751724707428735,4.704110133842995,2.9094202898550723,1
2035802,29.3,83.0,308.3,109.7,kitchen,24.319000000000003,33820.51,5.734311679691024,4.706823839714591,2.785004516711834,1
2040802,29.3,82.0,321.2,109.9,kitchen,24.026,35299.88,5.7751724707428735,4.7086288943563215,2.8963029756537417,1
2045802,29.3,82.0,308.3,109.8,kitchen,24.026,33851.340000000004,5.734311679691024,4.707726774313183,2.782490974729242,1
2050802,29.2,82.0,289.8,110.0,kitchen,23.944000000000003,31878.0,5.672635745659364,4.709530201312334,2.610810810810811,1
2055802,29.2,82.0,321.2,110.3,kitchen,23.944000000000003,35428.36,5.7751724707428735,4.712229258281499,2.885893980233603,1
2060802,29.3,82.0,334.4,110.5,kitchen,24.026,36951.2,5.815323849389109,4.7140245909001735,2.9991031390134526,1
2065802,29.3,83.0,314.7,112.5,kitchen,24.319000000000003,35403.75,5.754792395563946,4.7318028369214575,2.7726872246696037,1
2070802,29.3,83.0,321.2,112.0,kitchen,24.319000000000003,35974.4,5.7751724707428735,4.727387818712341,2.8424778761061944,1
2075802,29.3,83.0,321.2,112.3,kitchen,24.319000000000003,36070.76,5.7751724707428735,4.730039168033961,2.83495145631068,1
2080802,29.3,83.0,376.6,112.6,kitchen,24.319000000000003,42405.16,5.933835434271345,4.732683506287051,3.315140845070423,1
2085802,29.3,83.0,321.2,112.4,kitchen,24.319000000000003,36102.88,5.7751724707428735,4.730921391293652,2.8324514991181657,1
2090802,29.3,83.0,302.0,112.9,kitchen,24.319000000000003,34095.8,5.713732805509369,4.735320870453137,2.6514486391571555,1
2095802,29.3,82.0,348.1,111.8,kitchen,24.026,38917.58,5.855358414110991,4.725616339063959,3.0859929078014185,1
2100802,29.3,82.0,327.7,113.3,kitchen,24.026,37128.41,5.795145480670174,4.738826570800765,2.8670166229221348,1
2105802,29.3,82.0,314.7,112.6,kitchen,24.026,35435.219999999994,5.754792395563946,4.732683506287051,2.7702464788732395,1
2110802,29.3,82.0,327.7,112.3,kitchen,24.026,36800.71,5.795145480670174,4.730039168033961,2.892321270962048,1
2115802,29.3,82.0,302.0,113.0,kitchen,24.026,34126.0,5.713732805509369,4.736198448394496,2.649122807017544,1
2120802,29.3,83.0,341.2,113.5,kitchen,24.319000000000003,38726.2,5.835395361458093,4.740574822994295,2.9799126637554583,1
2125802,29.3,83.0,302.0,113.5,kitchen,24.319000000000003,34277.0,5.713732805509369,4.740574822994295,2.6375545851528384,1
2130802,29.3,83.0,314.7,113.1,kitchen,24.319000000000003,35592.57,5.754792395563946,4.73707525686803,2.758106923751096,1
2135802,29.3,82.0,308.3,113.1,kitchen,24.026,34868.73,5.734311679691024,4.73707525686803,2.702015775635408,1
2140802,29.3,82.0,302.0,113.0,kitchen,24.026,34126.0,5.713732805509369,4.736198448394496,2.649122807017544,1
2145802,29.3,82.0,302.0,112.3,kitchen,24.026,33914.6,5.713732805509369,4.730039168033961,2.665489849955869,1
2150802,29.3,82.0,355.1,113.1,kitchen,24.026,40161.81,5.875211590283732,4.73707525686803,3.1121822962313765,1
2155802,29.3,82.0,355.1,112.8,kitchen,24.026,40055.28,5.875211590283732,4.73444252169223,3.1203866432337435,1
2160802,29.3,82.0,334.4,112.8,kitchen,24.026,37720.32,5.815323849389109,4.73444252169223,2.938488576449912,1
2165802,29.3,82.0,327.7,112.3,kitchen,24.026,36800.71,5.795145480670174,4.730039168033961,2.892321270962048,1
2170802,29.3,82.0,341.2,112.6,kitchen,24.026,38419.12,5.835395361458093,4.732683506287051,3.0035211267605635,1
2175802,29.3,82.0,341.2,112.4,kitchen,24.026,38350.88,5.835395361458093,4.730921391293652,3.008818342151675,1
2180802,29.3,82.0,321.2,112.5,kitchen,24.026,36135.0,5.7751724707428735,4.7318028369214575,2.829955947136564,1
2185802,29.3,82.0,327.7,112.8,kitchen,24.026,36964.56,5.795145480670174,4.73444252169223,2.8796133567662565,1
2190802,29.3,81.0,289.8,111.9,kitchen,23.733,32428.620000000003,5.672635745659364,4.726502471155617,2.566873339238264,1
2195802,29.3,81.0,341.2,111.8,kitchen,23.733,38146.16,5.835395361458093,4.725616339063959,3.024822695035461,1
2200802,29.3,81.0,321.2,112.1,kitchen,23.733,36006.52,5.7751724707428735,4.728272383122075,2.839964633068081,1
2205802,29.3,81.0,321.2,112.1,kitchen,23.733,36006.52,5.7751724707428735,4.728272383122075,2.839964633068081,1
2210802,29.3,81.0,348.1,112.0,kitchen,23.733,38987.2,5.855358414110991,4.727387818712341,3.0805309734513275,1
2215802,29.3,81.0,302.0,113.2,kitchen,23.733,34186.4,5.713732805509369,4.73795129722191,2.6444833625218918,1
2220802,29.3,82.0,348.1,114.1,kitchen,24.026,39718.21,5.855358414110991,4.745801315727837,3.024326672458732,1
2225802,29.3,82.0,289.8,114.5,kitchen,24.026,33182.1,5.672635745659364,4.749270529961848,2.5090909090909093,1
2230802,29.3,81.0,314.7,113.2,kitchen,23.733,35624.04,5.754792395563946,4.73795129722191,2.75569176882662,1
2235802,29.3,81.0,341.2,112.2,kitchen,23.733,38282.64,5.835395361458093,4.729156165769083,3.014134275618374,1
2240802,29.3,80.0,321.2,110.5,kitchen,23.44,35492.6,5.7751724707428735,4.7140245909001735,2.8807174887892377,1
2245802,29.3,80.0,362.1,110.4,kitchen,23.44,39975.84,5.89467827842029,4.713127327493184,3.2504488330341115,1
2250802,29.3,80.0,308.3,111.0,kitchen,23.44,34221.3,5.734311679691024,4.718498871295094,2.7526785714285715,1
2255802,29.3,80.0,314.7,110.3,kitchen,23.44,34711.41,5.754792395563946,4.712229258281499,2.8274932614555257,1
2260802,29.3,80.0,314.7,110.6,kitchen,23.44,34805.82,5.754792395563946,4.71492104994721,2.8198924731182795,1
2265802,29.3,80.0,314.7,110.4,kitchen,23.44,34742.88,5.754792395563946,4.713127327493184,2.8249551166965885,1
2270802,29.3,80.0,348.1,110.5,kitchen,23.44,38465.05,5.855358414110991,4.7140245909001735,3.121973094170404,1
2275802,29.3,80.0,308.3,110.4,kitchen,23.44,34036.32,5.734311679691024,4.713127327493184,2.767504488330341,1
2280802,29.3,80.0,308.3,110.6,kitchen,23.44,34097.98,5.734311679691024,4.71492104994721,2.762544802867384,1
2285802,29.3,80.0,327.7,110.6,kitchen,23.44,36243.62,5.795145480670174,4.71492104994721,2.936379928315412,1
2290802,29.3,80.0,369.3,110.5,kitchen,23.44,40807.65,5.914313487919567,4.7140245909001735,3.312107623318386,1
2295802,29.3,81.0,327.7,110.4,kitchen,23.733,36178.08,5.795145480670174,4.713127327493184,2.9416517055655294,1
2300802,29.3,81.0,321.2,110.5,kitchen,23.733,35492.6,5.7751724707428735,4.7140245909001735,2.8807174887892377,1
2305802,29.3,81.0,341.2,111.0,kitchen,23.733,37873.2,5.835395361458093,4.718498871295094,3.0464285714285717,1
2310802,29.3,81.0,314.7,111.4,kitchen,23.733,35057.58,5.754792395563946,4.722063937459591,2.799822064056939,1
2315802,29.3,81.0,348.1,113.5,kitchen,23.733,39509.350000000006,5.855358414110991,4.740574822994295,3.040174672489083,1
2320802,29.3,81.0,327.7,112.6,kitchen,23.733,36899.02,5.795145480670174,4.732683506287051,2.884683098591549,1
2325802,29.3,81.0,321.2,113.1,kitchen,23.733,36327.72,5.7751724707428735,4.73707525686803,2.8150744960560914,1
2330802,29.3,81.0,341.2,113.7,kitchen,23.733,38794.44,5.835395361458093,4.742320024135325,2.974716652136007,1
2335802,29.5,81.0,341.2,112.9,kitchen,23.895,38521.48,5.835395361458093,4.735320870453137,2.995610184372256,1
2340802,29.8,81.0,376.6,113.2,kitchen,24.138,42631.12,5.933835434271345,4.73795129722191,3.2977232924693523,-1
2345802,29.8,80.0,369.3,112.7,kitchen,23.84,41620.11,5.914313487919567,4.73356340075649,3.24802110817942,1
2350802,29.8,80.0,376.6,111.7,kitchen,23.84,42066.22,5.933835434271345,4.724729421045731,3.3416149068322984,1
2355802,29.8,80.0,321.2,111.2,kitchen,23.84,35717.44,5.7751724707428735,4.720282993088596,2.862745098039216,1
2360802,29.8,80.0,321.2,111.4,kitchen,23.84,35781.68,5.7751724707428735,4.722063937459591,2.857651245551601,1
2365802,29.8,80.0,341.2,110.9,kitchen,23.84,37839.08,5.835395361458093,4.71760561531788,3.0491510277033065,1
2370802,29.8,80.0,314.7,110.8,kitchen,23.84,34868.759999999995,5.754792395563946,4.716711560720999,2.81484794275492,1
2375802,29.8,80.0,355.1,110.9,kitchen,23.84,39380.59,5.875211590283732,4.71760561531788,3.1733690795353,1
2380802,29.8,80.0,355.1,110.7,kitchen,23.84,39309.57000000001,5.875211590283732,4.715816706075155,3.17905102954342,1
2385802,29.8,80.0,355.1,110.5,kitchen,23.84,39238.55,5.875211590283732,4.7140245909001735,3.1847533632287,1
2390802,29.6,80.0,348.1,109.5,kitchen,23.68,38116.95,5.855358414110991,4.705015520957808,3.150226244343892,1
2395802,29.4,80.0,355.1,109.6,kitchen,23.52,38918.96,5.875211590283732,4.705920089088234,3.210669077757686,1
2400802,29.3,80.0,399.2,109.7,kitchen,23.44,43792.24,5.991964422149633,4.706823839714591,3.606142728093948,1
2405802,29.3,80.0,384.1,109.8,kitchen,23.44,42174.18,5.953503040820864,4.707726774313183,3.4666064981949463,1
2410802,29.3,80.0,369.3,109.7,kitchen,23.44,40512.21,5.914313487919567,4.706823839714591,3.3360433604336044,1
2415802,29.3,80.0,369.3,109.5,kitchen,23.44,40438.35,5.914313487919567,4.705015520957808,3.342081447963801,1
2420802,29.3,80.0,369.3,109.2,kitchen,23.44,40327.560000000005,5.914313487919567,4.702296896718814,3.351179673321234,1
2425802,29.3,80.0,355.1,109.1,kitchen,23.44,38741.41,5.875211590283732,4.701389043728634,3.225249772933697,1
2430802,29.3,80.0,348.1,108.9,kitchen,23.44,37908.09,5.855358414110991,4.699570861409576,3.167424931756142,1
2435802,29.3,80.0,321.2,108.9,kitchen,23.44,34978.68,5.7751724707428735,4.699570861409576,2.922656960873521,1
2440802,29.3,80.0,334.4,108.6,kitchen,23.44,36315.84,5.815323849389109,4.696837374513915,3.051094890510949,1
2445802,29.3,80.0,376.6,108.6,kitchen,23.44,40898.76,5.933835434271345,4.696837374513915,3.436131386861314,1
2450802,29.3,80.0,341.2,109.1,kitchen,23.44,37224.92,5.835395361458093,4.701389043728634,3.099000908265213,1
2455802,29.3,80.0,414.8,109.1,kitchen,23.44,45254.68,6.030204375423913,4.701389043728634,3.767484105358765,-1
2460802,29.3,80.0,321.2,108.9,kitchen,23.44,34978.68,5.7751724707428735,4.699570861409576,2.922656960873521,1
2465802,29.3,80.0,348.1,109.1,kitchen,23.44,37977.71,5.855358414110991,4.701389043728634,3.1616712079927343,1
2470802,29.3,80.0,334.4,109.3,kitchen,23.44,36549.92,5.815323849389109,4.703203926259457,3.031731640979148,1
2475802,29.3,80.0,362.1,109.1,kitchen,23.44,39505.11,5.89467827842029,4.701389043728634,3.28882833787466,1
2480802,29.3,80.0,355.1,109.0,kitchen,23.44,38705.9,5.875211590283732,4.700480365792417,3.2281818181818185,1
2485802,29.3,80.0,391.6,109.5,kitchen,23.44,42880.2,5.972791281842361,4.705015520957808,3.5438914027149324,1
2490802,29.3,80.0,355.1,109.3,kitchen,23.44,38812.43,5.875211590283732,4.703203926259457,3.219401631912965,1
2495802,29.3,80.0,341.2,109.3,kitchen,23.44,37293.16,5.835395361458093,4.703203926259457,3.0933816863100634,1
2500802,29.3,80.0,447.4,110.1,kitchen,23.44,49258.74,6.105685691198005,4.710430696645584,4.027002700270027,-1
2505802,29.3,80.0,447.4,110.7,kitchen,23.44,49527.18,6.105685691198005,4.715816706075155,4.005371530886302,-1
2510802,29.3,80.0,414.8,110.3,kitchen,23.44,45752.44,6.030204375423913,4.712229258281499,3.726864330637916,-1
2515802,29.3,80.0,391.6,109.5,kitchen,23.44,42880.2,5.972791281842361,4.705015520957808,3.5438914027149324,1
2520802,29.3,80.0,439.1,110.1,kitchen,23.44,48344.91,6.0870019738170456,4.710430696645584,3.952295229522953,-1
2525802,29.3,80.0,422.8,109.4,kitchen,23.44,46254.32000000001,6.049261645834199,4.704110133842995,3.829710144927536,-1
2530802,29.3,80.0,384.1,109.3,kitchen,23.44,41982.130000000005,5.953503040820864,4.703203926259457,3.4823209428830464,1
2535802,29.3,80.0,355.1,109.2,kitchen,23.44,38776.920000000006,5.875211590283732,4.702296896718814,3.222323049001815,1
2540802,29.3,80.0,407.0,109.2,kitchen,23.44,44444.4,6.0112671744041615,4.702296896718814,3.6932849364791287,-1
2545802,29.3,80.0,384.1,108.6,kitchen,23.44,41713.26,5.953503040820864,4.696837374513915,3.504562043795621,1
2550802,29.3,80.0,348.1,109.0,kitchen,23.44,37942.9,5.855358414110991,4.700480365792417,3.1645454545454546,1
2555802,29.3,80.0,384.1,109.0,kitchen,23.44,41866.9,5.953503040820864,4.700480365792417,3.491818181818182,1
2560802,29.3,80.0,369.3,109.2,kitchen,23.44,40327.560000000005,5.914313487919567,4.702296896718814,3.351179673321234,1
2565802,29.3,80.0,376.6,109.1,kitchen,23.44,41087.06,5.933835434271345,4.701389043728634,3.420526793823797,1
2570802,29.3,80.0,369.3,109.0,kitchen,23.44,40253.7,5.914313487919567,4.700480365792417,3.3572727272727274,1
2575802,29.3,80.0,348.1,108.9,kitchen,23.44,37908.09,5.855358414110991,4.699570861409576,3.167424931756142,1
2580802,29.3,80.0,327.7,108.4,kitchen,23.44,35522.68,5.795145480670174,4.695010889987881,2.995429616087751,1
2585802,29.3,80.0,376.6,108.7,kitchen,23.44,40936.420000000006,5.933835434271345,4.697749367281185,3.432999088422972,1
2590802,29.3,80.0,334.4,108.4,kitchen,23.44,36248.96,5.815323849389109,4.695010889987881,3.056672760511882,1
2595802,29.3,80.0,355.1,108.4,kitchen,23.44,38492.84,5.875211590283732,4.695010889987881,3.2458866544789764,1
2600802,29.3,80.0,341.2,108.5,kitchen,23.44,37020.2,5.835395361458093,4.695924549256556,3.115981735159817,1
2605802,29.3,80.0,334.4,108.3,kitchen,23.44,36215.52,5.815323849389109,4.694096395182493,3.0594693504117108,1
2610802,29.3,80.0,376.6,108.3,kitchen,23.44,40785.78,5.933835434271345,4.694096395182493,3.4455626715462038,1
2615802,29.3,80.0,355.1,107.9,kitchen,23.44,38315.29,5.875211590283732,4.690430029938915,3.2607897153351697,1
2620802,29.3,80.0,327.7,108.0,kitchen,23.44,35391.6,5.795145480670174,4.691347882229144,3.006422018348624,-1
2625802,29.3,80.0,321.2,108.1,kitchen,23.44,34721.719999999994,5.7751724707428735,4.692264892839025,2.944087992667278,-1
2630802,29.3,80.0,362.1,108.0,kitchen,23.44,39106.8,5.89467827842029,4.691347882229144,3.3220183486238533,1
2635802,29.3,80.0,355.1,107.8,kitchen,23.44,38279.78,5.875211590283732,4.689511334421843,3.2637867647058827,1
2640802,29.3,80.0,355.1,108.0,kitchen,23.44,38350.8,5.875211590283732,4.691347882229144,3.257798165137615,1
2645802,29.3,80.0,348.1,107.9,kitchen,23.44,37559.990000000005,5.855358414110991,4.690430029938915,3.196510560146924,1
2650802,29.3,80.0,355.1,108.5,kitchen,23.44,38528.350000000006,5.875211590283732,4.695924549256556,3.242922374429224,1
2655802,29.3,80.0,391.6,108.7,kitchen,23.44,42566.920000000006,5.972791281842361,4.697749367281185,3.569735642661805,1
2660802,29.3,80.0,391.6,108.0,kitchen,23.44,42292.8,5.972791281842361,4.691347882229144,3.592660550458716,-1
2665802,29.3,80.0,369.3,109.6,kitchen,23.44,40475.28,5.914313487919567,4.705920089088234,3.339059674502713,1
2670802,29.3,80.0,422.8,109.6,kitchen,23.44,46338.88,6.049261645834199,4.705920089088234,3.822784810126583,-1
2675802,29.3,80.0,384.1,109.8,kitchen,23.44,42174.18,5.953503040820864,4.707726774313183,3.4666064981949463,1
2680802,29.3,80.0,272.1,110.0,kitchen,23.44,29931.000000000004,5.609838028479659,4.709530201312334,2.4513513513513514,-1
2685802,29.3,80.0,422.8,110.6,kitchen,23.44,46761.68,6.049261645834199,4.71492104994721,3.788530465949821,-1
2690802,29.3,80.0,422.8,111.0,kitchen,23.44,46930.8,6.049261645834199,4.718498871295094,3.775,-1
2695802,29.3,80.0,500.0,114.9,kitchen,23.44,57450.0,6.2166061010848646,4.752727750345706,4.3140638481449525,-1
2700802,29.3,80.0,473.1,112.5,kitchen,23.44,53223.75,6.161418269908073,4.7318028369214575,4.168281938325992,-1
2705802,29.4,80.0,518.5,112.5,kitchen,23.52,58331.25,6.252866810539282,4.7318028369214575,4.568281938325991,-1
2710802,29.8,80.0,528.0,112.5,kitchen,23.84,59400.0,6.270988431858299,4.7318028369214575,4.651982378854625,-1
2715802,29.8,80.0,537.6,111.8,kitchen,23.84,60103.68,6.288973180377498,4.725616339063959,4.765957446808511,-1
2720802,29.8,80.0,509.2,111.6,kitchen,23.84,56826.72,6.234802805707711,4.72384171570559,4.522202486678508,-1
2725802,29.8,80.0,567.2,111.7,kitchen,23.84,63356.240000000005,6.342473469420088,4.724729421045731,5.032830523513754,-1
2730802,29.8,80.0,547.3,111.4,kitchen,23.84,60969.22,6.306822582410002,4.722063937459591,4.869217081850533,-1
2735802,29.8,80.0,528.0,112.1,kitchen,23.84,59188.8,6.270988431858299,4.728272383122075,4.6684350132626,-1
2740802,29.8,80.0,500.0,112.2,kitchen,23.84,56100.0,6.2166061010848646,4.729156165769083,4.41696113074205,-1
2745802,29.8,80.0,537.6,113.0,kitchen,23.84,60748.8,6.288973180377498,4.736198448394496,4.715789473684211,-1
2750802,29.8,80.0,464.4,112.2,kitchen,23.84,52105.68,6.142897250868192,4.729156165769083,4.102473498233215,-1
2755802,29.8,80.0,439.1,112.3,kitchen,23.84,49310.93,6.0870019738170456,4.730039168033961,3.8755516328331865,-1
2760802,29.8,79.0,439.1,112.3,kitchen,23.542,49310.93,6.0870019738170456,4.730039168033961,3.8755516328331865,-1
2765802,29.8,79.0,482.0,112.4,kitchen,23.542,54176.8,6.180016653652572,4.730921391293652,4.250440917107584,-1
2770802,29.8,79.0,422.8,111.8,kitchen,23.542,47269.04,6.049261645834199,4.725616339063959,3.74822695035461,-1
2775802,30.0,78.0,464.4,111.8,kitchen,23.4,51919.92,6.142897250868192,4.725616339063959,4.117021276595745,-1
2780802,29.8,78.0,500.0,112.7,kitchen,23.244,56350.0,6.2166061010848646,4.73356340075649,4.397537379067722,-1
2785802,29.8,79.0,500.0,112.5,kitchen,23.542,56250.0,6.2166061010848646,4.7318028369214575,4.405286343612334,-1
2790802,30.0,79.0,547.3,112.7,kitchen,23.7,61680.71,6.306822582410002,4.73356340075649,4.813544415127528,-1
2795802,30.2,79.0,500.0,112.8,kitchen,23.858,56400.0,6.2166061010848646,4.73444252169223,4.393673110720562,-1
2800802,30.2,79.0,923.8,114.1,kitchen,23.858,105405.58,6.829577497918113,4.745801315727837,8.02606429192007,-1
2805802,30.2,79.0,838.5,114.7,kitchen,23.858,96175.95,6.732806476517595,4.751000634199631,7.247191011235955,-1
2810802,30.2,79.0,722.4,114.0,kitchen,23.858,82353.59999999999,6.5839623195179975,4.74493212836325,6.281739130434782,-1
2815802,30.2,79.0,747.0,113.9,kitchen,23.858,85083.3,6.617402977974478,4.74406218485471,6.5013054830287205,-1
